Name,Date,Appetite,SleepInd,StSpirit,pEffort,uaI,uaI(-1),DeltaWt (%),DeltaHrtwo,FatigInd,Sex_F
274.0,1588982400,4.0,-5.0,5.0,5.0,2.0,2.0,-0.005102040816326481,10.0,Low/Minimal,0
274.0,1589241600,3.0,-5.0,5.0,5.0,2.0,2.0,0.0034129692832765013,15.0,Low/Minimal,0
274.0,1577318400,4.0,-6.0,4.0,1.0,1.0,0.0,0.012499999999999956,12.0,Low/Minimal,0
275.0,1575417600,4.0,-5.0,3.0,6.0,2.83,1.9,0.0017421602787457413,6.0,Low/Minimal,0
274.0,1586649600,3.0,-5.0,5.0,3.0,1.0,2.0,0.013864818024263537,19.0,Low/Minimal,0
275.0,1576368000,4.0,-6.0,4.0,2.0,3.06,3.67,0.0,0.0,Low/Minimal,0
275.0,1577145600,4.0,-6.0,4.0,1.0,0.0,1.0,-0.005291005291005346,-6.0,Low/Minimal,0
274.0,1578441600,3.0,-5.5,3.0,5.0,2.44,1.89,-0.0035460992907800915,19.0,Low/Minimal,0
274.0,1588464000,3.0,-4.0,5.0,4.0,1.0,2.0,-0.005119453924914641,12.0,Low/Minimal,0
269.0,1584489600,6.0,-5.0,6.0,5.0,2.0,2.0,-0.008333333333333304,0.0,Low/Minimal,0
274.0,1585872000,5.0,-4.5,5.0,5.0,2.0,2.0,0.005181347150259086,18.0,Low/Minimal,0
275.0,1576195200,4.0,-5.0,3.0,2.0,2.91,2.0,0.0017391304347826875,6.0,Low/Minimal,0
274.0,1584835200,4.0,-5.0,5.0,3.0,2.0,2.0,-0.0068259385665528916,9.0,Low/Minimal,0
274.0,1587772800,4.0,-5.0,5.0,1.0,0.0,2.0,0.00521739130434784,0.0,Low/Minimal,0
275.0,1578787200,4.0,-8.0,3.0,1.0,0.0,1.89,0.0,-30.0,Low/Minimal,0
275.0,1579651200,6.0,-8.0,3.0,1.0,0.0,0.0,0.0,6.0,Low/Minimal,0
275.0,1578626743,3.1428668179219406,-5.142866817921941,3.0,7.0,2.147139954623418,1.932860045376582,0.0060574783185729,-1.7144018150632894,Low/Minimal,0
274.0,1576972800,5.0,-6.0,4.0,1.0,0.0,1.0,-0.0018115942028985588,4.0,Low/Minimal,0
275.0,1578700800,4.0,-6.0,3.0,7.0,1.89,2.19,0.0,-12.0,Low/Minimal,0
269.0,1573516800,6.0,-6.0,5.0,6.0,2.07,1.33,0.0,0.0,Low/Minimal,0
275.0,1576454400,4.0,-6.0,3.0,3.0,2.35,3.06,-0.01903114186851207,6.0,Low/Minimal,0
274.0,1589068800,3.0,-3.5,5.0,1.0,0.0,2.0,0.006837606837606813,14.0,Low/Minimal,0
274.0,1587168000,3.0,-4.5,4.0,4.0,1.0,2.0,-0.0034602076124568004,10.0,Low/Minimal,0
275.0,1576886400,3.0,-6.0,3.0,1.0,0.0,1.94,-0.008802816901408494,-12.0,Low/Minimal,0
274.0,1588636800,4.0,-4.5,5.0,4.0,2.0,2.0,-0.0017152658662092923,20.0,Low/Minimal,0
274.0,1584921600,3.0,-5.0,5.0,4.0,2.0,2.0,0.010309278350515427,31.0,Low/Minimal,0
274.0,1585180800,3.0,-5.5,5.0,4.0,2.0,2.0,0.0,29.0,Low/Minimal,0
274.0,1586476934,3.999221234158986,-5.999221234158986,5.0,4.998442468317972,1.9992212341589857,2.0,1.0797446669176212e-05,7.009345190092172,Low/Minimal,0
275.0,1577404800,4.0,-6.0,3.0,3.0,1.0,0.0,0.0,-6.0,Low/Minimal,0
275.0,1580428800,6.0,-5.0,3.0,5.0,2.85,2.23,-0.005328596802841923,-6.0,Low/Minimal,0
274.0,1586476800,4.0,-6.0,5.0,5.0,2.0,2.0,0.0,7.0,Low/Minimal,0
275.0,1577577600,3.0,-6.0,3.0,1.0,0.0,0.0,0.0,-6.0,Low/Minimal,0
274.0,1586217600,4.0,-6.0,7.0,5.0,2.0,2.0,0.0034364261168384758,9.0,Low/Minimal,0
275.0,1580083200,5.0,-4.5,3.0,2.0,1.0,0.0,0.005357142857142838,-6.0,Low/Minimal,0
275.0,1575590400,3.0,-6.0,4.0,1.0,0.0,1.53,0.0,6.0,Low/Minimal,0
275.0,1575387436,4.0,-5.0,3.0,6.0,2.505326279842433,1.7952665418846558,0.003583857496455477,8.094669162306882,Low/Minimal,0
274.0,1587081600,4.0,-5.5,5.0,4.0,2.0,2.0,-0.013651877133105783,6.0,Low/Minimal,0
275.0,1575158400,3.0,-7.5,3.0,1.0,0.0,1.5,0.006896551724137945,-6.0,Low/Minimal,0
275.0,1579653642,6.0,-7.992933694780283,3.0,1.0,0.0,0.007066305219717406,0.0,5.915204337363392,Low/Minimal,0
274.0,1577836800,5.0,-5.0,4.0,1.0,0.0,0.0,0.0,16.0,Low/Minimal,0
274.0,1587427200,4.0,-5.0,5.0,5.0,2.0,2.0,0.0017271157167531026,17.0,Low/Minimal,0
274.0,1586563200,4.0,-5.0,6.0,3.0,2.0,2.0,-0.011986301369863006,15.0,Low/Minimal,0
275.0,1576800000,4.0,-5.0,3.0,5.0,1.94,1.94,0.0,-12.0,Low/Minimal,0
274.0,1586908800,4.0,-4.5,4.0,4.0,2.0,2.0,0.0,7.0,Low/Minimal,0
275.0,1580515200,6.0,-4.0,3.0,3.0,2.64,2.85,0.005357142857142838,0.0,Low/Minimal,0
275.0,1578268800,4.0,-5.0,3.0,4.0,1.54,0.0,0.0035714285714285587,-6.0,Low/Minimal,0
274.0,1577404800,5.0,-5.0,4.0,4.0,1.0,1.0,-0.007054673721340388,7.0,Low/Minimal,0
275.0,1579046400,4.0,-4.0,3.0,6.0,2.05,2.36,0.0,-18.0,Low/Minimal,0
275.0,1576713600,3.0,-7.0,3.0,6.0,1.94,1.87,0.01610017889087656,-6.0,Low/Minimal,0
274.0,1588377600,3.0,-4.0,5.0,4.0,2.0,2.0,0.012089810017271052,8.0,Low/Minimal,0
274.0,1589500800,4.0,-3.0,5.0,4.0,2.0,2.0,0.003424657534246478,4.0,Low/Minimal,0
274.0,1587686400,3.0,-4.0,5.0,5.0,2.0,2.0,-0.008620689655172376,-1.0,Low/Minimal,0
274.0,1585440000,4.0,-5.5,5.0,1.0,2.0,2.0,0.013722126929674117,15.0,Low/Minimal,0
275.0,1576540800,3.0,-7.0,3.0,6.0,2.2,2.35,-0.0017636684303351524,-6.0,Low/Minimal,0
274.0,1587513600,2.0,-5.0,5.0,4.0,2.0,2.0,0.0,20.0,Low/Minimal,0
274.93855270901577,1577318400,3.06144729098425,-6.0,3.06144729098425,1.0,0.061447290984249836,0.0,0.0024233869203996294,-4.893948762283504,Low/Minimal,0
274.0,1577577600,4.0,-6.0,4.0,1.0,0.0,1.0,0.0,10.0,Low/Minimal,0
274.0,1588896000,3.0,-5.0,5.0,4.0,2.0,2.0,-0.003389830508474523,11.0,Low/Minimal,0
275.0,1577059200,3.0,-6.0,3.0,3.0,1.0,0.0,-0.0017605633802817433,-6.0,Low/Minimal,0
275.0,1576627200,4.0,-5.0,3.0,6.0,1.87,2.2,-0.012367491166077715,-12.0,Low/Minimal,0
275.0,1578096000,4.0,-5.0,3.0,2.0,1.16,1.56,0.0,-6.0,Low/Minimal,0
274.0,1586736000,5.0,-4.0,5.0,5.0,2.0,1.0,-0.0034188034188034067,-2.0,Low/Minimal,0
274.0,1585958400,5.0,-5.0,5.0,5.0,2.0,2.0,0.0,8.0,Low/Minimal,0
275.0,1579996800,6.0,-7.0,3.0,1.0,0.0,1.0,0.0,-6.0,Low/Minimal,0
269.0,1571529600,6.0,-6.0,5.0,1.0,0.0,1.78,0.0,0.0,Low/Minimal,0
274.0,1577750400,3.0,-5.0,4.0,1.0,0.0,1.41,0.0,14.0,Low/Minimal,0
274.0,1585008000,4.0,-3.5,5.0,3.0,2.0,2.0,-0.010204081632653073,28.0,Low/Minimal,0
275.0,1578182400,4.0,-7.0,3.0,1.0,0.0,1.16,0.0,-12.0,Low/Minimal,0
274.0,1577232000,3.0,-5.0,4.0,1.0,0.0,0.0,0.0035842293906809264,12.0,Low/Minimal,0
274.0,1585785600,4.0,-5.5,5.0,5.0,2.0,2.0,0.0,30.0,Low/Minimal,0
274.0,1588118400,3.0,-4.5,5.0,6.0,2.0,2.0,0.003472222222222321,5.0,Low/Minimal,0
275.0,1576593646,3.611653160488281,-5.776693679023438,3.0,6.0,1.9981544570388674,2.258252025926758,-0.00824953011990958,-9.669918962929685,Low/Minimal,0
274.0,1577491200,5.0,-5.0,4.0,4.0,1.0,1.0,0.0,17.0,Low/Minimal,0
275.0,1577491200,4.0,-6.0,3.0,1.0,0.0,1.0,-0.0017605633802817433,-6.0,Low/Minimal,0
274.0,1586126326,5.0,-5.943588420972899,5.0,4.0,2.0,2.0,0.0,13.379472630701898,Low/Minimal,0
275.0,1579910400,6.0,-6.0,3.0,2.0,1.0,0.0,0.0,0.0,Low/Minimal,0
275.0,1575331200,4.0,-5.0,3.0,6.0,1.9,1.6,0.007017543859649145,12.0,Low/Minimal,0
274.0,1589587200,4.0,-3.7,5.0,5.0,2.0,2.0,0.0,14.0,Low/Minimal,0
275.0,1577750400,3.0,-7.5,3.0,1.0,0.0,1.41,0.0,6.0,Low/Minimal,0
274.0,1589155200,3.0,-5.0,5.0,5.0,2.0,0.0,-0.005093378607809895,19.0,Low/Minimal,0
275.0,1577836800,3.0,-6.0,3.0,1.0,0.0,0.0,0.0,24.0,Low/Minimal,0
275.0,1576108800,4.0,-6.0,3.0,2.0,2.0,2.79,0.0017421602787457413,6.0,Low/Minimal,0
274.0,1588850201,4.0,-4.808740754813858,5.0,4.617481509627717,2.0,2.0,-0.0038065367751769883,13.825184903722835,Low/Minimal,0
275.0,1577664000,3.0,-6.0,3.0,7.0,1.41,0.0,-0.012345679012345734,12.0,Low/Minimal,0
275.0,1579824000,5.0,-7.0,3.0,1.0,0.0,0.0,-0.005328596802841923,0.0,Low/Minimal,0
274.0,1588550400,3.0,-4.5,5.0,4.0,2.0,1.0,0.0,17.0,Low/Minimal,0
275.0,1575763200,5.0,-7.0,3.0,1.0,0.0,0.0,0.0,-6.0,Low/Minimal,0
274.0,1589414400,3.0,-4.5,5.0,5.0,2.0,2.0,0.01038062283737018,3.0,Low/Minimal,0
269.0,1571702400,6.0,-4.5,4.0,5.0,1.42,1.93,0.0,-6.0,Low/Minimal,0
275.0,1575676800,5.0,-7.0,3.0,1.0,0.0,0.0,0.0,-24.0,Low/Minimal,0
275.0,1577318400,3.0,-6.0,3.0,1.0,0.0,0.0,0.0017636684303350414,-6.0,Low/Minimal,0
274.0,1587340800,3.0,-4.5,5.0,4.0,2.0,0.0,0.0,21.0,Low/Minimal,0
274.0,1585156780,3.278001227733175,-5.639000613866588,5.0,4.278001227733175,2.0,2.0,0.0019106613589908884,27.331992633600947,Low/Minimal,0
275.0,1575849600,3.0,-5.0,3.0,4.0,1.4,0.0,-0.0017391304347825765,12.0,Low/Minimal,0
275.0,1576281600,4.0,-6.0,3.0,2.0,3.67,2.91,0.003472222222222321,6.0,Low/Minimal,0
269.0,1582156800,5.0,-4.0,5.0,1.0,0.0,2.4,0.0,0.0,Low/Minimal,0
274.0,1587859200,4.0,-5.5,5.0,3.0,1.0,0.0,0.00519031141868509,16.0,Low/Minimal,0
274.0,1586995200,3.0,-5.5,5.0,4.0,2.0,2.0,-0.003401360544217691,20.0,Low/Minimal,0
275.0,1579738272,5.0,-7.0,3.0,1.0,0.0,0.0,-4.150146025994235e-05,-5.953269355747305,Low/Minimal,0
274.0,1577059200,4.0,-6.0,4.0,3.0,1.0,0.0,0.001814882032667775,4.0,Low/Minimal,0
275.0,1575072000,3.0,-5.0,4.0,6.0,1.5,1.6,-0.0034364261168384758,-6.0,Low/Minimal,0
274.0,1586131200,5.0,-6.0,5.0,4.0,2.0,2.0,0.0,14.0,Low/Minimal,0
274.0,1577145600,3.0,-5.0,4.0,1.0,0.0,1.0,0.010869565217391353,4.0,Low/Minimal,0
274.0,1586304000,5.0,-5.5,6.0,5.0,2.0,2.0,0.0,22.0,Low/Minimal,0
269.0,1573430400,6.0,-2.0,5.0,1.0,1.33,2.58,0.0,0.0,Low/Minimal,0
269.0,1571443200,5.0,-1.0,5.0,5.0,1.78,2.18,0.0,0.0,Low/Minimal,0
275.0,1578614400,3.0,-5.0,3.0,7.0,2.19,1.89,0.007067137809187329,0.0,Low/Minimal,0
274.0,1586102464,4.666291388860978,-5.333708611139022,5.6674172222780435,4.333708611139022,2.0,2.0,0.0011467649867320298,5.002251666834131,Low/Minimal,0
275.0,1577232000,3.0,-6.0,3.0,1.0,0.0,0.0,0.005319148936170137,-6.0,Low/Minimal,0
275.0,1578355200,4.0,-5.0,3.0,4.0,1.89,1.54,0.003558718861210064,0.0,Low/Minimal,0
275.0,1577923200,4.0,-8.0,3.0,7.0,1.41,0.0,0.0,-6.0,Low/Minimal,0
274.0,1585791577,4.023062425041416,-5.488468787479292,5.0,4.976937574958584,2.0,2.0,0.0,29.377314523881775,Low/Minimal,0
274.0,1586044800,5.0,-5.0,5.0,4.0,2.0,2.0,0.0,3.0,Low/Minimal,0
275.0,1576022400,4.0,-6.0,3.0,2.0,2.79,2.33,-0.00692041522491349,6.0,Low/Minimal,0
275.0,1576972800,3.0,-7.0,3.0,1.0,0.0,0.0,0.008880994671403242,0.0,Low/Minimal,0
269.0,1584316800,6.0,-5.0,7.0,2.0,2.0,1.0,0.0,0.0,Low/Minimal,0
274.0,1585094400,4.0,-6.0,5.0,5.0,2.0,2.0,0.0068728522336769515,23.0,Low/Minimal,0
275.0,1579737600,5.0,-7.0,3.0,1.0,0.0,0.0,0.0,-6.0,Low/Minimal,0
275.0,1574812800,4.0,-6.800000000000001,3.0,5.0,3.23,2.13,0.022727272727272707,-6.0,Low/Minimal,0
269.0,1572566400,7.0,-4.0,5.0,1.0,1.69,2.28,0.0,-12.0,Low/Minimal,0
270.0262444811585,1589068800,6.0,-6.98687775942073,5.0,1.0,0.0,2.0,0.00011586967398914336,5.68506622609751,Low/Minimal,1
271.0,1587254400,6.0,-6.0,5.0,1.0,0.0,1.0,-0.0022172949002217113,0.0,Low/Minimal,1
267.0,1586131200,6.0,-4.0,5.0,6.0,2.0,2.0,-0.011382113821138184,8.0,Low/Minimal,1
267.0,1586649600,6.0,-8.0,5.0,1.0,0.0,2.0,0.018151815181518094,9.0,Low/Minimal,1
271.0,1587340800,6.0,-5.5,5.0,2.0,2.0,0.0,0.004444444444444473,6.0,Low/Minimal,1
270.0,1579996800,6.0,-8.0,5.0,5.0,0.0,1.83,0.0,24.0,Low/Minimal,1
268.8019970078782,1586493907,6.0,-6.873751870076143,5.0,1.450499251969543,0.900998503939086,2.0,0.008971096929108618,7.648502244091371,Low/Minimal,1
271.0,1575158400,5.0,-5.5,5.0,1.0,0.0,2.29,-0.0023474178403756207,-6.0,Low/Minimal,1
283.0,1734912000,4.0,-6.0,3.0,3.0,1.0,0.0,-0.0017421602787456303,0.0,Low/Minimal,1
283.0,1709856000,5.0,-9.8,5.0,1.0,1.0,2.0,0.0,0.0,Low/Minimal,1
270.87474683017774,1587440727,6.062626584911117,-5.51565664622778,5.0,1.9686867075444414,1.9686867075444414,2.0,-0.006429336554498461,5.968686707544442,Low/Minimal,1
271.0,1585188742,6.0,-5.881613990666913,5.0,2.0,2.0,2.0,0.0022371364653244186,-2.2896839440014762,Low/Minimal,1
270.0,1580169600,6.0,-3.0,5.0,1.0,0.0,2.02,0.002450980392156854,6.0,Low/Minimal,1
267.63086090162,1586635973,6.0,-7.526854323784995,5.0,1.1577152254050014,0.315430450810003,2.0,0.015639475837332807,8.526854323784995,Low/Minimal,1
271.0,1586217600,6.0,-5.0,5.0,2.0,2.0,2.0,-0.0044345898004434225,6.0,Low/Minimal,1
267.0,1585353600,6.0,-4.5,6.0,7.0,2.0,2.0,-0.00983606557377048,4.0,Low/Minimal,1
283.0,1711100063,5.0,-6.7816441089227695,4.0,1.0,0.0,1.9237926772666845,0.0015085035653003554,0.0,Low/Minimal,1
283.0,1708864499,5.0,-7.31969246141222,3.6803075385877797,1.0,0.0,2.5345014877339676,0.001721862449257904,0.0,Low/Minimal,1
267.0,1586822400,6.0,-6.800000000000001,4.0,6.0,2.0,2.0,-0.017828200972447306,5.0,Low/Minimal,1
267.0,1587945600,6.0,-5.0,4.0,6.0,2.0,1.0,0.004901960784313708,24.0,Low/Minimal,1
270.0,1580256000,6.0,-4.0,5.0,1.0,0.0,0.0,0.0,-6.0,Low/Minimal,1
271.0,1578787200,6.0,-6.0,5.0,1.0,0.0,1.83,0.0,-6.0,Low/Minimal,1
267.0,1588032000,6.0,-6.0,3.0,8.0,2.0,2.0,-0.001626016260162566,5.0,Low/Minimal,1
283.0,1708041600,5.0,-8.0,3.0,1.0,0.0,2.31,0.0053859964093356805,0.0,Low/Minimal,1
269.29937650203505,1581811200,6.0,-6.0,4.574844125508755,3.1257793724562237,0.9268398063909136,2.0844906475305254,0.0,-0.8981295061050636,Low/Minimal,1
271.0,1589241600,6.0,-6.0,5.0,2.0,2.0,2.0,0.00219780219780219,6.0,Low/Minimal,1
283.0,1709251200,5.0,-7.0,4.0,1.0,0.0,2.64,0.0,0.0,Low/Minimal,1
283.0,1734220800,5.0,-7.0,4.0,1.0,0.0,3.67,-0.0017064846416382506,0.0,Low/Minimal,1
267.0,1585366273,6.0,-4.463329432896897,5.853317731587588,6.926658865793794,2.0,2.0,-0.009594031186804752,4.0,Low/Minimal,1
283.0,1710460800,6.0,-7.0,5.0,1.0,0.0,0.0,0.012612612612612706,0.0,Low/Minimal,1
267.0,1588285404,6.0,-2.5419227854830293,3.016769114193212,6.983230885806789,2.0,1.9832308858067882,8.2201540162803e-05,16.134152913545694,Low/Minimal,1
267.0,1586217600,6.0,-5.0,5.0,5.0,2.0,2.0,0.006578947368421018,11.0,Low/Minimal,1
271.0,1585023745,6.0,-5.773354131682093,5.0,2.0,2.0,2.0,-0.00040677698166979067,-3.813166946543252,Low/Minimal,1
267.0,1574985600,6.0,-4.5,3.0,2.0,2.33,1.87,-0.0033003300330033403,-18.0,Low/Minimal,1
283.0,1734653612,5.0,-6.039708314340944,3.0,1.0,0.0,0.31191249430228324,0.014282449377257695,1.247649977209133,Low/Minimal,1
271.0,1585094400,6.0,-7.0,5.0,2.0,2.0,2.0,-0.0022321428571429047,6.0,Low/Minimal,1
271.0,1584921600,6.0,-6.5,5.0,2.0,2.0,2.0,0.0022371364653244186,-6.0,Low/Minimal,1
270.0,1575763200,6.0,-4.0,4.0,6.0,2.92,3.29,0.0,-6.0,Low/Minimal,1
270.0,1578787200,6.0,-6.0,5.0,1.0,0.0,1.83,0.0,0.0,Low/Minimal,1
267.0,1588550400,6.0,-3.0,4.0,5.0,2.0,2.0,0.0,13.0,Low/Minimal,1
271.0,1588896000,6.0,-6.0,5.0,1.0,0.0,2.0,0.022471910112359605,0.0,Low/Minimal,1
283.0,1711700629,5.609996657782621,-8.092009358208662,4.390003342217379,1.0,0.3900033422173791,2.0,0.0,0.0,Low/Minimal,1
268.1473859738015,1577178644,6.0,-6.617538008732837,4.382461991267163,1.0,0.0,0.827500931702002,0.0010309482616574872,3.7052280523970236,Low/Minimal,1
270.0,1584144000,6.0,-6.0,5.0,1.0,2.0,2.0,0.0,12.0,Low/Minimal,1
267.0,1584057600,6.0,-5.0,6.0,4.0,2.0,2.0,0.0,8.0,Low/Minimal,1
270.0,1572134400,5.0,-6.0,5.0,1.0,0.0,1.86,-0.005102040816326481,6.0,Low/Minimal,1
271.0,1588982400,6.0,-6.0,5.0,2.0,2.0,0.0,-0.00439560439560438,6.0,Low/Minimal,1
267.56023837305474,1585934197,5.140059593263679,-5.140059593263679,5.859940406736321,6.299702033681603,2.0,2.0,-0.005657502675896816,6.859940406736321,Low/Minimal,1
267.0,1585456022,6.0,-5.092725354002722,5.604849763998185,7.0,2.0,2.0,-0.007899096394922086,5.185450708005443,Low/Minimal,1
270.0,1576972800,6.0,-5.0,5.0,1.0,1.0,1.0,-0.0025062656641604564,0.0,Low/Minimal,1
271.0,1578387600,6.0,-6.3854165025399166,5.0,1.0,0.0,1.1246878003519536,0.0,-1.3750019695210067,Low/Minimal,1
268.8670515729919,1589068800,6.0,-7.29985566012803,3.93352578649596,3.1329484270080803,1.0664742135040401,2.0,0.002060763325598156,2.531793708032321,Low/Minimal,1
267.9785543587294,1589111073,6.0,-7.510722820635305,3.489277179364695,4.266084230952957,2.0,2.0,0.0005376672300710917,9.02144564127061,Low/Minimal,1
271.0,1585008000,6.0,-5.5,5.0,2.0,2.0,2.0,0.0,-6.0,Low/Minimal,1
267.0,1589068800,6.0,-8.0,3.0,5.0,2.0,2.0,0.0,10.0,Low/Minimal,1
283.0,1704412800,6.0,-5.0,4.0,1.0,0.0,1.16,0.0,0.0,Low/Minimal,1
271.0,1589068800,6.0,-6.5,5.0,1.0,0.0,2.0,0.004415011037527616,-6.0,Low/Minimal,1
271.0,1589587200,6.0,-5.0,5.0,2.0,2.0,2.0,-0.002192982456140302,6.0,Low/Minimal,1
267.0,1585440000,6.0,-8.0,4.0,5.0,2.0,2.0,0.013245033112582849,9.0,Low/Minimal,1
271.0,1577750400,6.0,-7.0,5.0,1.0,0.0,0.0,0.0,6.0,Low/Minimal,1
267.0,1587859200,8.0,-6.0,5.0,1.0,1.0,2.0,0.0,5.0,Low/Minimal,1
270.0,1580342400,6.0,-4.0,5.0,1.0,0.0,0.0,0.0024449877750611915,0.0,Low/Minimal,1
283.0,1734519434,5.0,-6.2051273301300585,3.0,1.0,0.0,1.1205127330130058,-0.004878346552989571,1.4461527961560703,Low/Minimal,1
270.7688070227394,1587370762,6.1155964886302945,-5.528899122157574,5.0,1.9422017556848528,1.9422017556848528,0.11559648863029448,0.0041875633585993725,5.942201755684852,Low/Minimal,1
268.70310098346,1577096550,6.0,-5.864599344360017,4.567700327819992,2.7031009834599744,0.5677003278199915,1.1469818885412029,-0.0021310631756474778,2.593798033080051,Low/Minimal,1
267.0,1581811200,6.0,-6.0,4.0,6.0,2.18,2.05,0.0,6.0,Low/Minimal,1
271.0,1589500800,6.0,-6.0,5.0,2.0,2.0,2.0,-0.002188183807439792,6.0,Low/Minimal,1
283.0,1733370688,5.0,-9.13317673246114,3.0,1.0,0.0,1.239953019738342,0.00448696173153194,4.959812078953368,Low/Minimal,1
271.0,1585958400,6.0,-5.5,5.0,2.0,2.0,2.0,0.0,6.0,Low/Minimal,1
267.0,1588083791,6.0,-4.000347570711861,3.6001390282847447,6.399860971715255,2.0,1.3998609717152555,0.002941857981787953,20.801112226277958,Low/Minimal,1
283.0,1706227200,6.0,-10.5,4.0,1.0,0.0,1.89,0.0,0.0,Low/Minimal,1
283.0,1708223932,5.449754133369765,-10.114827893358836,4.550245866630235,1.0,0.5502458666302343,1.9505270453293257,0.0,0.0,Low/Minimal,1
283.0,1733011200,5.0,-10.0,3.0,1.0,0.0,1.5,0.0017421602787457413,6.0,Low/Minimal,1
283.0,1712880000,6.0,-7.0,4.0,1.0,0.0,2.0,0.0,0.0,Low/Minimal,1
271.0,1579996800,6.0,-6.5,5.0,1.0,0.0,1.83,0.0,0.0,Low/Minimal,1
267.0,1585612800,6.0,-6.0,5.0,7.0,2.0,2.0,-0.004934210526315819,7.0,Low/Minimal,1
271.0,1583020800,6.0,-6.0,5.0,1.0,0.0,2.64,0.0,-6.0,Low/Minimal,1
271.0,1577664000,6.0,-7.0,5.0,1.0,0.0,0.0,0.0,6.0,Low/Minimal,1
271.0,1585785600,6.0,-6.0,5.0,2.0,2.0,2.0,0.0,6.0,Low/Minimal,1
270.0,1580040035,6.0,-7.332779646944657,5.0,4.332779646944657,0.0,1.5247466884771808,0.0,18.99584735208493,Low/Minimal,1
270.39106060757325,1577265787,6.0,-6.391060607573241,4.608939392426759,1.0,0.0,0.0,0.004655483423490946,-2.3463636454394448,Low/Minimal,1
267.0,1576108800,6.0,-6.0,2.0,6.0,2.69,2.43,0.001677852348993314,-6.0,Low/Minimal,1
271.0,1588723200,6.0,-6.0,5.0,2.0,2.0,2.0,-0.0066225165562914245,6.0,Low/Minimal,1
283.0,1735084800,5.0,-5.0,3.0,1.0,0.0,0.0,0.017574692442882345,0.0,Low/Minimal,1
271.0,1587427200,6.0,-5.5,5.0,2.0,2.0,2.0,-0.006637168141592875,6.0,Low/Minimal,1
270.0,1577059200,6.0,-5.0,5.0,4.0,1.0,1.0,-0.005025125628140725,0.0,Low/Minimal,1
271.0,1585612800,6.0,-6.0,5.0,2.0,2.0,2.0,0.0022321428571427937,-6.0,Low/Minimal,1
267.0,1585958400,5.0,-5.0,6.0,7.0,2.0,2.0,-0.006578947368421018,7.0,Low/Minimal,1
270.0,1577577600,6.0,-6.0,4.0,1.0,1.0,1.0,0.0,4.0,Low/Minimal,1
267.0,1584144000,6.0,-7.0,5.0,2.0,2.0,2.0,0.0033444816053511683,13.0,Low/Minimal,1
271.0,1576972800,6.0,-6.0,5.0,1.0,0.0,1.0,0.004784688995215225,-6.0,Low/Minimal,1
267.0,1585785600,6.0,-6.0,5.0,6.0,2.0,2.0,0.009884678747940745,8.0,Low/Minimal,1
267.0,1587991777,6.465542680860608,-6.0,3.4655426808606085,6.37060061698787,1.7672286595696958,2.0,-0.0012475262757230552,5.0,Low/Minimal,1
267.0,1577145600,6.0,-7.0,4.0,1.0,0.0,1.34,0.0016694490818029983,6.0,Low/Minimal,1
267.0,1574899200,6.0,-5.5,4.0,4.0,1.87,2.85,0.006644518272425293,-6.0,Low/Minimal,1
267.0,1576022400,6.0,-6.0,2.0,5.0,2.43,2.0,-0.0033444816053511683,-6.0,Low/Minimal,1
270.0,1577232000,6.0,-6.0,5.0,1.0,0.0,0.0,0.0,0.0,Low/Minimal,1
271.0,1586304000,6.0,-5.5,5.0,2.0,2.0,2.0,-0.00222717149220486,6.0,Low/Minimal,1
271.0,1588900301,6.0,-6.0,5.0,2.0,2.0,0.6334729623490836,-0.00510094871726519,6.0,Low/Minimal,1
283.0,1705017600,6.0,-6.0,4.0,1.0,0.0,1.89,0.0,0.0,Low/Minimal,1
271.0,1582588800,6.0,-7.0,5.0,1.0,0.0,0.0,0.0,0.0,Low/Minimal,1
267.36242573813126,1585950571,5.090606434532821,-5.090606434532821,5.909393565467179,6.546967827335896,2.0,2.0,-0.00578105633638748,6.365754958270254,Low/Minimal,1
270.0,1589068800,6.0,-7.0,5.0,1.0,0.0,2.0,0.0,6.0,Low/Minimal,1
270.0764246975114,1577610755,6.0,-7.0,4.769106174377851,1.0,0.0,0.3093977263336797,0.00038546548517887823,6.0,Low/Minimal,1
271.0,1585872000,6.0,-6.0,5.0,2.0,2.0,2.0,0.00222717149220486,0.0,Low/Minimal,1
270.01326496115985,1575755177,5.986735038840133,-4.0198974417398,4.013264961159867,5.933675194200667,2.8812663134131897,3.2767350388401333,-3.113840647856038e-05,-6.0,Low/Minimal,1
271.0,1584835200,6.0,-5.0,5.0,2.0,2.0,2.0,0.0022421524663676085,-6.0,Low/Minimal,1
283.0,1710347906,5.9533343367863845,-7.0466656632136155,4.906668673572769,1.0,0.0,0.10779768202345164,0.012275377774696524,0.0,Low/Minimal,1
283.0,1734998400,5.0,-5.0,3.0,1.0,0.0,1.0,-0.006980802792321161,0.0,Low/Minimal,1
267.0,1588291200,6.0,-2.5,3.0,7.0,2.0,2.0,0.0,16.0,Low/Minimal,1
271.0,1586563200,6.0,-5.0,5.0,2.0,2.0,2.0,0.0022222222222221255,6.0,Low/Minimal,1
271.0,1581811200,6.0,-6.0,5.0,1.0,0.0,2.11,0.0,-6.0,Low/Minimal,1
271.0,1582502400,6.0,-4.0,5.0,1.0,0.0,0.0,0.0,-6.0,Low/Minimal,1
267.0,1585526400,6.0,-4.0,4.0,6.0,2.0,2.0,-0.006535947712418277,4.0,Low/Minimal,1
283.0,1713484800,5.0,-6.5,4.0,1.0,0.0,1.0,0.003454231433505983,0.0,Low/Minimal,1
283.0,1715904000,6.0,-6.0,5.0,1.0,0.0,2.0,0.008196721311475308,-6.0,Low/Minimal,1
267.0,1583280000,6.0,-3.5,4.0,8.0,3.12,2.47,-0.01340033500837523,-1.0,Low/Minimal,1
271.0,1577318400,6.0,-7.0,4.0,1.0,0.0,0.0,0.011904761904761862,-6.0,Low/Minimal,1
271.0,1585353600,6.0,-5.5,5.0,2.0,2.0,2.0,0.0022371364653244186,0.0,Low/Minimal,1
270.9840337477798,1576972800,6.0,-5.984033747779786,5.0,1.0,0.015966252220214194,1.0,0.004668279774197487,-5.904202486678715,Low/Minimal,1
274.0,1576195200,6.0,-6.0,4.0,3.0,2.91,2.0,0.0017667844522968323,10.0,Optimal,0
274.0,1577664000,4.0,-6.0,4.0,5.0,1.41,0.0,0.007104795737122638,16.0,Optimal,0
274.0,1578268800,3.0,-5.0,4.0,5.0,1.54,0.0,0.010771992818671361,21.0,Optimal,0
274.0,1576540800,4.0,-6.0,4.0,5.0,2.2,2.35,0.0018214936247722413,10.0,Optimal,0
269.0,1582675200,5.0,-2.0,5.0,1.0,0.0,0.0,0.0,0.0,Optimal,0
274.0,1579910400,3.0,-3.0,4.0,4.0,1.0,1.6,0.0,15.0,Optimal,0
274.0,1580774400,5.0,-5.5,5.0,6.0,2.52,1.85,-0.03558718861209964,21.0,Optimal,0
274.0,1584489600,4.0,-5.5,5.0,4.0,2.0,2.0,0.0017094017094017033,28.0,Optimal,0
275.0,1580256000,6.0,-5.5,3.0,6.0,2.0,1.75,0.005357142857142838,-12.0,Optimal,0
269.0,1584403200,6.0,-4.5,7.0,4.0,2.0,2.0,0.0,-6.0,Optimal,0
274.0,1588291200,3.0,-4.5,5.0,4.0,2.0,2.0,0.0034662045060658286,32.0,Optimal,0
274.0,1579824000,5.0,-2.0,4.0,5.0,1.6,1.88,0.0,16.0,Optimal,0
274.0,1580688000,5.0,-4.0,5.0,6.0,1.85,0.0,0.0035714285714285587,16.0,Optimal,0
274.0,1578355200,4.0,-3.0,4.0,5.0,1.89,1.54,0.001776198934280604,11.0,Optimal,0
275.0,1580947200,5.0,-4.5,4.0,6.0,2.73,2.76,0.019572953736654908,-18.0,Optimal,0
269.0,1573689600,6.0,-2.0,5.0,4.0,2.61,2.69,-0.006896551724137945,-9.0,Optimal,0
274.0,1578528000,5.0,-3.0,4.0,6.0,1.89,2.44,-0.01245551601423489,16.0,Optimal,0
274.0,1572220800,5.0,-5.0,6.0,5.0,2.08,0.0,0.018181818181818077,10.0,Optimal,0
269.0,1572825600,6.0,-4.0,6.0,6.0,2.24,0.0,0.0,-6.0,Optimal,0
269.0,1584835200,6.0,-3.0,7.0,5.0,2.0,2.0,0.0,0.0,Optimal,0
274.0,1581465600,4.0,-4.0,5.0,7.0,2.76,2.21,0.0,16.0,Optimal,0
274.0,1572998400,4.0,-5.0,4.0,4.0,2.75,2.3,-0.01590106007067138,16.0,Optimal,0
274.0,1581984000,3.0,-3.0,4.0,6.0,2.18,2.3,0.014362657091562037,19.0,Optimal,0
269.0,1574208000,6.0,-3.0,5.0,6.0,1.76,1.79,-0.006896551724137945,0.0,Optimal,0
274.0,1579219200,4.0,-5.0,4.0,6.0,1.68,2.59,0.001808318264014508,18.0,Optimal,0
274.0,1581811200,5.0,-4.5,5.0,1.0,0.0,2.31,0.005484460694698434,28.0,Optimal,0
274.0,1587254400,3.0,-5.5,4.0,2.0,0.0,1.0,0.005208333333333259,33.0,Optimal,0
269.0,1579478400,8.0,-4.0,5.0,6.0,2.08,1.75,0.0,-6.0,Optimal,0
274.0,1583020800,3.0,-4.0,4.0,1.0,0.0,2.64,0.0,26.0,Optimal,0
274.0,1588032000,4.0,-5.0,5.0,5.0,2.0,2.0,-0.005181347150259086,32.0,Optimal,0
274.0,1575331200,5.0,-5.0,4.0,5.0,1.9,1.6,-0.017452006980802848,10.0,Optimal,0
275.0,1580601600,6.0,-3.5,3.0,3.0,2.88,2.64,-0.005328596802841923,-12.0,Optimal,0
275.0,1581292800,3.0,-2.0,3.0,5.0,1.32,2.47,0.0,-30.0,Optimal,0
274.0,1580601600,6.0,-5.5,5.0,1.0,0.0,0.0,0.0,16.0,Optimal,0
274.0,1575590400,5.0,-6.0,3.0,3.0,3.29,1.53,-0.0017605633802817433,10.0,Optimal,0
274.0,1584230400,4.0,-5.5,5.0,1.0,1.0,2.0,0.0,24.0,Optimal,0
274.0,1573516800,3.0,-4.0,4.0,6.0,2.07,1.33,-0.0017953321364452268,16.0,Optimal,0
274.0,1579305600,3.0,-4.5,4.0,5.0,2.51,1.68,0.0,16.0,Optimal,0
274.0,1573257600,4.0,-3.0,4.0,4.0,2.32,1.69,0.0,16.0,Optimal,0
274.0,1573430400,4.0,0.0,4.0,3.0,1.33,2.58,-0.005357142857142838,10.0,Optimal,0
274.0,1573689600,4.0,-5.5,4.0,5.0,2.61,2.69,0.017889087656529412,10.0,Optimal,0
274.0,1585267200,4.0,-5.5,5.0,4.0,2.0,2.0,-0.013651877133105783,30.0,Optimal,0
274.0,1571529600,6.0,-6.5,4.0,1.0,0.0,1.78,-0.0018518518518518823,28.0,Optimal,0
275.0,1578528000,4.0,-4.0,3.0,7.0,1.89,2.44,-0.0035211267605633756,0.0,Optimal,0
274.0,1575763200,4.0,-4.0,3.0,4.0,2.92,3.29,0.005309734513274433,10.0,Optimal,0
269.0,1584576000,6.0,-5.0,6.0,6.0,2.0,2.0,0.0,6.0,Optimal,0
274.0,1573344000,4.0,-3.0,4.0,4.0,2.58,2.32,0.0,16.0,Optimal,0
275.0,1582329600,3.0,-4.0,3.0,7.0,2.23,2.38,-0.0052631578947368585,-6.0,Optimal,0
274.0,1580083200,4.0,-4.5,4.0,5.0,2.02,0.0,0.0,16.0,Optimal,0
274.0,1582588800,4.0,-5.0,4.0,7.0,2.58,1.8,-0.014336917562724039,22.0,Optimal,0
274.0,1578960000,3.0,-2.0,4.0,6.0,2.36,2.33,0.003577817531305927,19.0,Optimal,0
274.0,1582416000,5.0,-6.5,5.0,7.0,3.02,2.23,0.0,16.0,Optimal,0
274.0,1575158400,4.0,-4.0,4.0,1.0,0.0,1.5,-0.003527336860670194,10.0,Optimal,0
269.0,1573171200,5.0,-3.0,6.0,6.0,1.69,2.31,0.0013812154696133394,-6.0,Optimal,0
274.0,1583366400,4.0,-4.0,4.0,5.0,2.47,2.76,0.0,30.0,Optimal,0
274.0,1579996800,5.0,-3.0,4.0,1.0,0.0,1.0,0.0,16.0,Optimal,0
274.0,1576368000,4.0,-4.0,4.0,5.0,3.06,3.67,0.0,10.0,Optimal,0
275.0,1581897600,4.0,-5.0,3.0,6.0,2.3,0.0,0.0,-6.0,Optimal,0
274.0,1580428800,6.0,-3.5,6.0,1.0,0.0,3.0,0.0,18.0,Optimal,0
274.0,1576108800,3.0,-5.0,4.0,4.0,2.0,2.79,-0.0035211267605633756,10.0,Optimal,0
274.0,1582070400,4.0,-4.0,5.0,7.0,2.42,2.18,-0.0070796460176991705,15.0,Optimal,0
274.0,1574726400,4.0,-3.0,4.0,5.0,2.13,2.06,-0.035026269702276736,16.0,Optimal,0
275.0,1582675200,4.0,-5.0,3.0,8.0,1.72,2.58,0.0017667844522968323,-12.0,Optimal,0
269.0,1572480000,6.0,-5.0,5.0,7.0,2.28,2.15,0.0,-8.0,Optimal,0
274.0,1584662400,4.0,-4.800000000000001,5.0,5.0,2.0,2.0,0.010309278350515427,21.0,Optimal,0
274.0,1574467200,4.0,-5.0,4.0,5.0,2.3,2.25,0.0017482517482516613,16.0,Optimal,0
274.0,1576713600,4.0,-7.0,4.0,5.0,1.94,1.87,0.0,10.0,Optimal,0
274.0,1580515200,5.0,-4.0,5.0,1.0,0.0,0.0,0.0,16.0,Optimal,0
274.0,1581292800,3.0,-2.5,5.0,4.0,1.32,2.47,0.031481481481481444,16.0,Optimal,0
275.0,1579392000,4.0,-5.0,3.0,5.0,1.75,2.51,-0.005300353356890497,-12.0,Optimal,0
274.0,1588723200,4.0,-4.0,5.0,4.0,2.0,2.0,0.0034364261168384758,10.0,Optimal,0
274.0,1578614400,3.0,-4.0,4.0,5.0,2.19,1.89,0.007207207207207134,21.0,Optimal,0
274.0,1585353600,4.0,-5.0,5.0,5.0,2.0,2.0,0.00865051903114189,22.0,Optimal,0
274.0,1574640000,4.0,-3.0,5.0,5.0,2.06,2.3,0.0017543859649122862,10.0,Optimal,0
274.0,1573948800,5.0,0.0,4.0,1.0,3.13,2.74,0.005309734513274433,22.0,Optimal,0
275.0,1575244800,3.0,-4.0,3.0,5.0,1.6,0.0,-0.023972602739726012,0.0,Optimal,0
275.0,1574899200,5.0,-3.0,3.0,5.0,1.9,3.23,-0.0017094017094017033,-6.0,Optimal,0
274.0,1575417600,4.0,-5.6,3.0,5.0,2.83,1.9,0.005328596802841812,16.0,Optimal,0
274.0,1579046400,4.0,-4.5,4.0,6.0,2.05,2.36,0.0017825311942958333,17.0,Optimal,0
269.0,1571788800,5.0,-5.0,4.0,7.0,2.42,1.42,-0.013513513513513487,6.0,Optimal,0
274.0,1578096000,4.0,-2.0,4.0,4.0,1.16,1.56,0.0,15.0,Optimal,0
275.0,1581033600,5.0,-4.0,3.0,3.0,2.37,2.73,-0.005235602094240788,-24.0,Optimal,0
274.0,1574553600,4.0,-6.0,7.0,5.0,2.3,2.3,-0.005235602094240788,16.0,Optimal,0
269.0,1572739200,7.0,-5.0,7.0,1.0,0.0,2.31,0.0,-6.0,Optimal,0
274.0,1572307200,4.0,-2.0,4.0,4.0,1.52,2.08,-0.012499999999999956,22.0,Optimal,0
274.0,1576627200,4.0,-7.0,4.0,6.0,1.87,2.2,0.0018181818181817189,10.0,Optimal,0
274.0,1585699200,4.0,-5.0,5.0,5.0,2.0,2.0,-0.015306122448979553,16.0,Optimal,0
274.0,1576454400,3.0,-7.0,4.0,5.0,2.35,3.06,-0.031746031746031744,10.0,Optimal,0
275.0,1574985600,3.0,-7.0,3.0,5.0,1.6,1.9,-0.003424657534246589,-24.0,Optimal,0
274.0,1576886400,4.0,-6.0,4.0,3.0,1.0,1.94,0.0,10.0,Optimal,0
275.0,1580342400,6.0,-2.5,3.0,6.0,2.23,2.0,0.0,-12.0,Optimal,0
274.0,1575676800,4.0,-7.0,3.0,4.0,3.29,3.29,-0.003527336860670194,10.0,Optimal,0
274.0,1572134400,3.0,-3.0,4.0,1.0,0.0,1.47,0.0036496350364962904,22.0,Optimal,0
274.0,1574035200,4.0,-3.0,4.0,2.0,1.96,3.13,0.0,16.0,Optimal,0
275.0,1578009600,3.0,-8.0,3.0,5.0,1.56,1.41,0.0,-24.0,Optimal,0
274.0,1578873600,5.0,-4.0,4.0,6.0,2.33,0.0,0.0126811594202898,14.0,Optimal,0
274.0,1579564800,4.0,-3.0,4.0,6.0,2.13,2.08,-0.00536672629695889,13.0,Optimal,0
274.0,1584316800,5.0,-5.5,4.0,2.0,2.0,1.0,0.012499999999999956,26.0,Optimal,0
274.0,1579132800,5.0,-4.0,4.0,7.0,2.59,2.05,-0.016014234875444844,17.0,Optimal,0
274.0,1575072000,5.0,-5.0,4.0,5.0,1.5,1.6,-0.0017605633802817433,16.0,Optimal,0
269.0,1584662400,6.0,-7.5,7.0,6.0,2.0,2.0,0.0014005602240896309,-6.0,Optimal,0
275.0,1580860800,4.0,-4.6,4.0,7.0,2.76,2.52,-0.00881834215167554,-30.0,Optimal,0
275.0,1582588800,3.0,-5.0,3.0,8.0,2.58,1.8,0.001769911504424737,-30.0,Optimal,0
274.0,1583712000,3.0,-4.0,4.0,5.0,2.0,1.0,0.0,19.0,Optimal,0
274.0,1584748800,4.0,-4.5,5.0,5.0,2.0,2.0,-0.003401360544217691,24.0,Optimal,0
274.0,1574985600,4.0,-4.0,4.0,5.0,1.6,1.9,0.005309734513274433,16.0,Optimal,0
275.0,1575936000,3.0,-6.0,3.0,5.0,2.33,1.4,0.006968641114982521,-24.0,Optimal,0
275.0,1579305600,4.0,-5.5,3.0,6.0,2.51,1.68,0.0,-18.0,Optimal,0
274.0,1577923200,6.0,-6.0,4.0,5.0,1.41,0.0,0.0,17.0,Optimal,0
274.0,1585526400,4.0,-6.0,5.0,4.0,2.0,2.0,-0.005076142131979711,9.0,Optimal,0
274.0,1584403200,4.0,-3.8,5.0,5.0,2.0,2.0,0.031746031746031855,18.0,Optimal,0
274.0,1575936000,4.0,-5.0,3.0,5.0,2.33,1.4,-0.0017605633802817433,4.0,Optimal,0
274.0,1575244800,5.0,-4.0,4.0,5.0,1.6,0.0,0.014159292035398341,10.0,Optimal,0
275.0,1579564800,6.0,-4.0,3.0,1.0,0.0,2.08,0.0,-12.0,Optimal,0
274.0,1574380800,4.0,-7.5,4.0,4.0,2.25,1.69,0.0017513134851139256,16.0,Optimal,0
274.0,1581638400,4.0,-4.5,5.0,6.0,2.45,2.08,0.007181328545780907,17.0,Optimal,0
274.0,1587600000,4.0,-4.0,5.0,5.0,2.0,2.0,0.0,30.0,Optimal,0
274.0,1578700800,5.0,-5.0,4.0,5.0,1.89,2.19,-0.012522361359570633,15.0,Optimal,0
274.0,1580342400,6.0,-5.0,5.0,1.0,3.0,0.0,0.0,18.0,Optimal,0
275.0,1580169600,6.0,-4.0,3.0,4.0,1.75,1.0,-0.005328596802841923,-6.0,Optimal,0
283.0,1709164800,5.0,-5.0,4.0,5.0,2.64,2.82,0.0,0.0,Optimal,1
283.0,1712793600,6.0,-7.0,4.0,3.0,2.0,2.0,0.0017361111111111605,0.0,Optimal,1
267.0,1583712000,6.0,-3.0,4.0,2.0,2.0,2.42,-0.0033333333333332993,15.0,Optimal,1
271.0,1575590400,6.0,-5.0,5.0,5.0,3.29,1.53,-0.0071770334928229484,0.0,Optimal,1
270.0,1573516800,6.0,-6.0,5.0,6.0,1.78,1.33,0.0,12.0,Optimal,1
271.0,1584576000,6.0,-6.0,5.0,3.0,2.0,2.0,0.002262443438914019,6.0,Optimal,1
271.0,1587945600,6.0,-7.0,5.0,2.0,2.0,0.0,-0.004424778761061954,6.0,Optimal,1
271.0,1573171200,6.0,-4.5,5.0,4.0,1.82,2.75,0.0,-6.0,Optimal,1
267.0,1577318400,7.0,-5.5,3.0,4.0,1.18,0.0,-0.0016611295681062677,0.0,Optimal,1
283.0,1707264000,5.0,-4.0,3.0,3.0,2.37,2.73,0.0,-6.0,Optimal,1
267.0,1580342400,6.0,-4.5,3.0,8.0,2.25,2.06,0.0034071550255536653,6.0,Optimal,1
271.0,1579305600,6.0,-6.5,5.0,5.0,2.51,1.68,0.0,0.0,Optimal,1
267.0,1581206400,6.0,-3.0,4.0,8.0,2.04,2.03,0.006825938566553003,6.0,Optimal,1
270.0,1584316800,6.0,-5.0,5.0,6.0,2.0,1.0,-0.012048192771084376,6.0,Optimal,1
271.0,1579737600,6.0,-2.5,5.0,5.0,1.93,2.76,0.0,0.0,Optimal,1
267.0,1574726400,6.0,-3.5,4.0,5.0,2.08,2.11,-0.00995024875621886,0.0,Optimal,1
270.0,1578700800,6.0,-5.0,5.0,5.0,1.83,2.19,0.0,-12.0,Optimal,1
283.0,1713830400,5.0,-5.5,4.0,4.0,2.0,2.0,0.001721170395869276,0.0,Optimal,1
270.0,1589414400,6.0,-6.0,5.0,5.0,2.0,2.0,0.0,6.0,Optimal,1
283.0,1733788800,5.0,-7.0,4.0,4.0,2.33,1.4,-0.0034129692832765013,6.0,Optimal,1
271.0,1577577600,6.0,-7.0,5.0,1.0,0.0,1.0,0.0,0.0,Optimal,1
271.0,1582848000,6.0,-6.0,5.0,5.0,2.82,2.75,-0.0022321428571429047,6.0,Optimal,1
271.0,1580342400,6.0,-6.0,5.0,4.0,2.18,2.48,-0.006864988558352381,0.0,Optimal,1
270.0,1585872000,6.0,-7.5,5.0,6.0,2.0,2.0,0.0,18.0,Optimal,1
283.0,1735344000,6.0,-7.0,3.0,4.0,1.0,1.0,0.006968641114982521,12.0,Optimal,1
283.0,1707436800,5.0,-3.0,3.0,3.0,2.47,2.24,0.0,0.0,Optimal,1
270.0,1583798400,6.0,-4.0,5.0,1.0,2.0,2.0,0.0,6.0,Optimal,1
271.0,1588118400,6.0,-5.5,5.0,3.0,2.0,2.0,0.0,6.0,Optimal,1
270.0,1587600000,6.0,-6.0,5.0,4.0,2.0,2.0,0.012195121951219523,12.0,Optimal,1
267.0,1578787200,6.0,-6.0,4.0,4.0,1.22,1.76,0.0,-12.0,Optimal,1
271.0,1571961600,6.0,-6.0,5.0,5.0,2.07,2.33,0.016949152542372836,6.0,Optimal,1
271.0,1572998400,6.0,-5.0,5.0,5.0,2.69,2.0,-0.0024390243902439046,-6.0,Optimal,1
271.0,1574812800,6.0,-5.0,4.0,6.0,3.23,2.13,0.028846153846153744,6.0,Optimal,1
283.0,1704672000,5.0,-5.0,3.0,5.0,2.44,1.89,-0.00339558573853993,6.0,Optimal,1
267.0,1587340800,6.0,-2.0,7.0,7.0,2.0,2.0,-0.0016181229773463146,8.0,Optimal,1
283.0,1733270400,6.0,-5.699999999999999,4.0,3.0,2.83,1.9,-0.015050167224080258,6.0,Optimal,1
271.0,1582416000,6.0,-6.0,5.0,4.0,0.0,0.0,0.006741573033707926,0.0,Optimal,1
271.0,1578960000,6.0,-5.5,5.0,6.0,2.03,2.33,0.0,0.0,Optimal,1
283.0,1708387200,4.0,-4.6,4.0,6.0,2.11,2.42,-0.003558718861209953,0.0,Optimal,1
270.0,1588723200,6.0,-7.5,5.0,6.0,2.0,2.0,0.0,6.0,Optimal,1
271.0,1573084800,6.0,-5.0,5.0,5.0,2.75,2.69,0.0024449877750611915,6.0,Optimal,1
271.0,1585699200,6.0,-6.0,5.0,2.0,2.0,2.0,0.0,0.0,Optimal,1
271.0,1572480000,7.0,-4.5,4.0,5.0,2.33,2.15,0.0024154589371980784,6.0,Optimal,1
270.0,1588204800,6.0,-7.5,5.0,6.0,2.0,2.0,0.0,12.0,Optimal,1
271.0,1573430400,7.0,-3.5,5.0,5.0,1.33,2.05,0.004878048780487809,6.0,Optimal,1
283.0,1709078400,5.0,-5.1,4.0,5.0,2.82,2.75,0.0,0.0,Optimal,1
267.0,1574380800,6.0,-4.5,1.0,5.0,2.59,1.76,-0.00164473684210531,12.0,Optimal,1
267.0,1575244800,6.0,-4.5,3.0,4.0,1.46,0.0,-0.01655629139072845,-12.0,Optimal,1
283.0,1733356800,6.0,-6.0,4.0,3.0,1.53,2.83,-0.00339558573853993,-6.0,Optimal,1
267.0,1572393600,6.0,-4.5,3.0,5.0,2.19,1.51,0.008305647840531671,-12.0,Optimal,1
271.0,1582243200,4.0,-6.0,4.0,6.0,2.38,2.16,0.0,-6.0,Optimal,1
271.0,1580688000,6.0,-6.5,5.0,5.0,1.85,2.88,-0.0022988505747126853,6.0,Optimal,1
283.0,1705276800,6.0,-6.5,4.0,1.0,0.0,2.36,0.0,-6.0,Optimal,1
270.0,1576454400,5.0,-5.0,5.0,3.0,2.35,0.0,-0.014778325123152691,10.0,Optimal,1
283.0,1713744000,5.0,-5.5,4.0,3.0,2.0,2.0,0.0017241379310344307,0.0,Optimal,1
271.0,1584489600,6.0,-5.5,5.0,3.0,2.0,2.0,0.0,0.0,Optimal,1
271.0,1578182400,6.0,-7.0,5.0,1.0,0.0,1.16,0.0,0.0,Optimal,1
270.0,1585699200,6.0,-7.0,5.0,6.0,2.0,2.0,-0.01869158878504673,12.0,Optimal,1
270.0,1581638400,6.0,-5.0,5.0,7.0,2.45,2.61,0.01750000000000007,0.0,Optimal,1
283.0,1710633600,5.0,-4.0,4.0,2.0,2.0,2.0,-0.003502626970227629,0.0,Optimal,1
270.0,1587081600,6.0,-8.0,5.0,5.0,2.0,2.0,0.0,6.0,Optimal,1
283.0,1705708800,5.0,-6.0,3.0,5.0,2.08,1.75,-0.0068846815834767705,0.0,Optimal,1
267.0,1589155200,6.0,-7.0,4.0,6.0,2.0,2.0,0.0031746031746031633,19.0,Optimal,1
271.0,1578096000,6.0,-6.0,5.0,3.0,1.16,1.56,-0.0046511627906976605,0.0,Optimal,1
271.0,1580601600,6.0,-3.5,5.0,6.0,2.88,2.64,0.0,0.0,Optimal,1
270.0,1575158400,6.0,-5.0,5.0,1.0,0.0,2.29,0.004999999999999893,10.0,Optimal,1
271.0,1587859200,6.0,-6.0,5.0,1.0,0.0,1.0,-0.002207505518763808,6.0,Optimal,1
270.0,1581120000,6.0,-4.0,5.0,4.0,2.24,2.37,0.0,12.0,Optimal,1
283.0,1709942400,5.0,-6.5,4.0,4.0,2.0,1.0,0.003616636528029016,6.0,Optimal,1
283.0,1706486400,5.0,-6.0,3.0,6.0,2.48,1.75,-0.01557093425605538,0.0,Optimal,1
283.0,1714003200,6.0,-5.0,4.0,3.0,1.0,0.0,0.0017182130584192379,0.0,Optimal,1
283.0,1710374400,6.0,-7.0,5.0,1.0,0.0,2.0,0.0,-6.0,Optimal,1
267.0,1576195200,6.0,-5.0,3.0,4.0,2.81,2.69,0.0016750418760469454,0.0,Optimal,1
267.0,1586476800,6.0,-8.0,5.0,8.0,2.0,2.0,-0.0032573289902280145,8.0,Optimal,1
267.0,1588723200,6.0,-4.5,4.0,7.0,2.0,2.0,0.0032000000000000917,10.0,Optimal,1
267.0,1587427200,6.0,-4.5,4.0,6.0,2.0,2.0,-0.0032414910858995505,9.0,Optimal,1
267.0,1579392000,6.0,-4.0,2.0,5.0,1.72,2.45,0.0,-12.0,Optimal,1
271.0,1588464000,6.0,-6.0,5.0,1.0,0.0,2.0,-0.01098901098901095,0.0,Optimal,1
267.0,1579478400,6.0,-6.5,3.0,5.0,1.89,1.72,0.0,-12.0,Optimal,1
271.0,1581552000,6.0,-5.0,5.0,5.0,2.61,2.64,0.0,0.0,Optimal,1
283.0,1714435200,5.0,-5.0,4.0,4.0,2.0,2.0,0.0017152658662091813,-6.0,Optimal,1
271.0,1578268800,6.0,-5.5,5.0,4.0,1.54,0.0,-0.002336448598130869,0.0,Optimal,1
283.0,1715299200,5.0,-6.0,5.0,1.0,0.0,2.0,0.02564102564102555,-12.0,Optimal,1
283.0,1704067200,6.0,-7.0,3.0,1.0,0.0,0.0,0.0,0.0,Optimal,1
271.0,1574985600,6.0,-5.5,5.0,2.0,2.1,1.94,-0.0023474178403756207,0.0,Optimal,1
283.0,1733443200,6.0,-6.0,3.0,2.0,3.29,1.53,0.0017035775127767216,-6.0,Optimal,1
271.0,1584057600,6.0,-7.0,5.0,3.0,2.0,2.0,0.0,0.0,Optimal,1
271.0,1575244800,6.0,-6.0,5.0,5.0,1.6,0.0,0.016470588235294015,-6.0,Optimal,1
270.0,1585008000,6.0,-6.0,5.0,6.0,2.0,2.0,0.004761904761904745,-12.0,Optimal,1
267.0,1582934400,6.0,-1.0,3.0,8.0,2.66,2.02,-0.010067114093959773,20.0,Optimal,1
267.0,1579132800,6.0,-5.0,3.0,7.0,2.03,1.8,-0.008333333333333304,0.0,Optimal,1
267.0,1572825600,6.0,-4.5,2.0,5.0,1.74,1.87,-0.01967213114754096,6.0,Optimal,1
271.0,1579046400,6.0,-6.0,5.0,6.0,1.85,2.03,0.01379310344827589,0.0,Optimal,1
267.0,1573344000,6.0,-5.0,4.0,8.0,2.54,2.32,0.0,0.0,Optimal,1
271.0,1585267200,6.0,-6.0,5.0,3.0,2.0,2.0,0.004494382022471877,0.0,Optimal,1
271.0,1586822400,6.0,-5.5,5.0,2.0,2.0,2.0,-0.0022222222222222365,-6.0,Optimal,1
283.0,1708732800,5.0,-7.0,3.0,5.0,1.8,3.02,-0.0017953321364452268,0.0,Optimal,1
271.0,1581120000,6.0,-3.0,5.0,7.0,2.24,2.37,0.0,0.0,Optimal,1
267.0,1578700800,6.0,-6.0,3.0,7.0,1.76,1.69,-0.0016835016835017313,-6.0,Optimal,1
267.0,1585094400,6.0,-5.5,4.0,6.0,2.0,2.0,0.0,9.0,Optimal,1
283.0,1714780800,6.0,-7.0,4.0,3.0,2.0,0.0,0.001700680272108901,-12.0,Optimal,1
267.0,1571616000,5.0,-5.5,3.0,4.0,2.03,1.42,0.0,0.0,Optimal,1
267.0,1582848000,6.0,-5.5,3.0,7.0,2.02,2.22,0.0033670033670034627,21.0,Optimal,1
283.0,1704326400,5.0,-6.0,4.0,3.0,1.16,1.56,0.0,0.0,Optimal,1
267.0,1582761600,6.0,-4.0,4.0,8.0,2.22,1.72,-0.006688963210702337,10.0,Optimal,1
271.0,1587686400,6.0,-6.0,5.0,3.0,2.0,2.0,-0.004415011037527616,-6.0,Optimal,1
267.0,1588896000,6.0,-4.5,6.0,6.0,2.0,2.0,0.0016103059581320522,6.0,Optimal,1
283.0,1732924800,4.0,-4.0,3.0,2.0,1.5,1.6,-0.0017391304347825765,12.0,Optimal,1
267.0,1587686400,7.0,-3.0,5.0,6.0,2.0,2.0,0.011456628477905184,13.0,Optimal,1
270.0,1576886400,6.0,-5.0,5.0,1.0,1.0,1.94,0.005037783375314797,12.0,Optimal,1
267.0,1588118400,6.0,-4.9,4.0,4.0,2.0,2.0,-0.008143322475570036,18.0,Optimal,1
271.0,1579564800,6.0,-3.5,5.0,5.0,2.18,2.08,0.002293577981651307,0.0,Optimal,1
271.0,1576454400,6.0,-4.5,5.0,6.0,2.35,0.0,0.004807692307692291,6.0,Optimal,1
271.0,1583712000,6.0,-4.5,5.0,4.0,2.0,1.0,-0.008888888888888835,-6.0,Optimal,1
283.0,1710201600,5.0,-6.0,4.0,5.0,2.0,2.0,0.0,0.0,Optimal,1
271.0,1588377600,6.0,-6.5,5.0,2.0,2.0,2.0,0.0,6.0,Optimal,1
267.0,1589241600,6.0,-5.0,3.0,7.0,2.0,2.0,-0.004746835443038,10.0,Optimal,1
283.0,1715644800,5.0,-6.0,4.0,5.0,2.0,2.0,-0.00164473684210531,6.0,Optimal,1
267.0,1588204800,6.0,-4.0,3.0,7.0,2.0,2.0,0.014778325123152802,17.0,Optimal,1
270.0,1585440000,6.0,-6.529999999999999,5.0,1.0,2.0,2.0,0.0,6.0,Optimal,1
275.0,1581984000,4.0,-3.0,4.0,6.0,2.18,2.3,0.0,-24.0,Risk/Caution,0
274.0,1583107200,3.0,-4.0,4.0,6.0,2.33,0.0,0.014311270125223707,26.0,Risk/Caution,0
274.0,1579651200,4.0,-5.0,4.0,6.0,2.86,2.13,0.007194244604316502,25.0,Risk/Caution,0
274.52778507483805,1582334401,3.4722149251619494,-4.763892537419025,4.416644775485848,6.583355224514152,2.7177824478963526,2.173334208980566,-0.003349042022425177,-8.61153434060694,Risk/Caution,0
275.0,1581465600,4.0,-4.5,3.0,7.0,2.76,2.21,0.012280701754386003,-24.0,Risk/Caution,0
274.0,1584041125,4.0,-3.968220824856988,5.0,5.063558350286024,2.0,2.0,0.0,28.61864989828386,Risk/Caution,0
270.5549116085783,1581897600,5.378035356568676,-1.215259339946023,5.0,5.689017678284338,2.3,0.0,0.003957956821835692,3.109823217156622,Risk/Caution,0
274.0,1573659130,4.0,-4.2842171460133915,4.0,6.7842171460133915,2.592897715706026,2.0581319430307365,0.004623585770452682,22.0,Risk/Caution,0
269.027610585618,1575925980,5.988955765752795,-3.9917168243145964,4.994477882876398,5.994477882876398,2.327018056753255,1.4030923855892172,-9.722037189441137e-06,0.12148657671925278,Risk/Caution,0
274.0,1573776000,4.0,-5.0,4.0,5.0,3.0,2.61,-0.0017574692442882123,22.0,Risk/Caution,0
274.0,1581152205,4.0,-2.1118259655196563,5.925449356320229,5.074550643679771,2.2280718970112368,2.3990747510351107,0.0,28.850898712640458,Risk/Caution,0
274.0,1581206400,4.0,-2.0999999999999996,5.0,6.0,2.47,2.24,0.0,23.0,Risk/Caution,0
269.46216763036955,1579777531,4.0,-4.815132947852186,4.0,7.815132947852186,1.867983641610392,2.782355838097918,0.0,1.9411040475520451,Risk/Caution,0
272.1820520563189,1579981115,4.36358958873622,-3.3635895887362195,4.36358958873622,6.0,2.153584443497204,2.0599948547609843,0.0,13.364618636539388,Risk/Caution,0
274.0,1582290088,4.542696083158249,-4.771348041579124,5.457303916841751,5.0,2.2985955875262625,2.256527942452727,-0.003243290190367037,21.457303916841752,Risk/Caution,0
274.0,1583804737,4.0,-4.0,4.6748166779732525,5.3251833220267475,2.2471393247403277,2.143080661691769,-0.004014608913910475,26.72371674581277,Risk/Caution,0
274.0,1580947200,5.0,-3.5,4.0,5.0,2.73,2.76,0.0,25.0,Risk/Caution,0
274.0,1583420172,4.0,-3.864803089169032,4.270393821661936,6.0,2.5545006955369285,2.3210267184687483,-0.009007483683186017,22.270393821661937,Risk/Caution,0
274.0,1573080963,4.0,-3.7444488614569513,4.0,6.244448861456951,2.3953350559682107,2.1984436935523184,0.0013189686769259886,22.0,Risk/Caution,0
274.0,1571620485,4.5896170769643705,-3.5896170769643705,4.0,5.4103829230356295,1.9851914615178148,2.278491901528551,0.004400127440032561,29.075404923572442,Risk/Caution,0
274.0,1582675200,4.0,-2.8,4.0,5.0,1.72,2.58,-0.0018181818181818299,30.0,Risk/Caution,0
274.0,1583393716,4.438722802430504,-3.780638598784748,4.438722802430504,5.561277197569496,2.426570670152817,2.2469619669305785,-0.00692934811814196,22.0,Risk/Caution,0
274.85907577502525,1581502127,4.140924224974762,-4.429537887512619,3.1409242249747624,6.859075775025238,2.6965840987613565,2.243821813993943,0.007033227798810125,-14.839925376640428,Risk/Caution,0
269.0,1579737600,4.0,-5.0,4.0,8.0,1.88,2.86,0.0,0.0,Risk/Caution,0
275.0,1582070400,4.0,-5.0,4.0,7.0,2.42,2.18,-0.025996533795493937,-24.0,Risk/Caution,0
269.0,1575936000,6.0,-4.0,5.0,6.0,2.33,1.4,0.0,0.0,Risk/Caution,0
274.0,1580952630,4.968570814313265,-3.4528562214698986,4.062858371373468,5.0,2.7145996990135,2.7477426175821735,0.0,25.12571674274694,Risk/Caution,0
274.0,1582502400,5.0,-4.0,4.0,5.0,1.8,3.02,-0.0035714285714285587,20.0,Risk/Caution,0
274.0,1583884800,4.0,-4.0,5.0,5.0,2.0,2.0,0.0,29.0,Risk/Caution,0
274.0,1583192467,3.0,-3.0131130633994827,4.0,6.0,2.4385575630260568,2.2994465622792055,0.00018766459247918088,27.973773873201033,Risk/Caution,0
274.0,1581120000,4.0,-2.0,6.0,5.0,2.24,2.37,0.0,29.0,Risk/Caution,0
274.88413094047485,1582243200,3.1158690595251297,-4.942065470237435,3.347607178575389,5.88413094047487,2.38,2.11,-0.0008217663796108503,-8.06045197614559,Risk/Caution,0
274.0,1582761600,3.0,-2.7,4.0,6.0,2.75,1.72,0.023679417122040025,27.0,Risk/Caution,0
274.1195942459383,1582492067,4.760811508123396,-4.119594245938302,3.880405754061698,5.358782737814905,1.9459049800447281,2.925520545708742,-0.003144306264506054,13.302722227455105,Risk/Caution,0
269.0,1582761600,5.0,-2.5,5.0,7.0,2.75,0.0,0.0,0.0,Risk/Caution,0
274.0,1572480000,5.0,-3.0,4.0,6.0,2.28,2.15,0.02372262773722622,22.0,Risk/Caution,0
271.19957746093746,1579207765,4.266807513020847,-4.733192486979153,4.266807513020847,6.366596243489576,2.7060295777343777,2.0420169015625014,0.002599973358082066,-4.399154921874919,Risk/Caution,0
275.0,1578441600,3.0,-6.0,3.0,7.0,2.44,1.89,0.007092198581560183,-12.0,Risk/Caution,0
274.0,1572430044,4.929697652342573,-2.1054535214861403,4.0,6.0,2.1605453521486138,1.5706176903133473,-0.00840594622371222,22.0,Risk/Caution,0
269.0,1582070400,6.0,-3.3,5.0,8.0,2.4,2.53,0.0,-6.0,Risk/Caution,0
274.28093450968737,1581279218,4.0,-2.774242823249714,4.438130980625239,6.2809345096873805,2.5514710078093406,2.231571964709379,0.0034500729259853884,9.796078044693104,Risk/Caution,0
269.0,1581984000,6.0,-5.0,5.0,8.0,2.53,2.3,0.0,-6.0,Risk/Caution,0
269.0,1581897600,6.0,-0.5,5.0,6.0,2.3,0.0,0.0,0.0,Risk/Caution,0
274.0,1572317037,5.0,-3.314355981076327,4.0,5.685644018923673,2.2139852439739713,2.1908662775399224,0.019133489327352843,23.88613588645796,Risk/Caution,0
275.0,1582243200,3.0,-5.0,3.0,6.0,2.38,2.11,0.0,-12.0,Risk/Caution,0
274.57245898164143,1582379060,3.855082036717099,-5.0,3.855082036717099,6.717376944924351,2.6822425954967457,2.294131152753782,0.0,-11.63016195356267,Risk/Caution,0
270.62665165381634,1581897600,5.349339338473471,-1.248259760755508,5.0,5.674669669236736,2.3,0.0,0.0041405678460779,3.2533033076326436,Risk/Caution,0
269.0,1579651200,5.0,-4.0,5.0,6.0,2.86,2.13,0.0,0.0,Risk/Caution,0
269.0,1582030823,6.0,-2.6587081038727707,5.0,7.541934359909122,2.377096717995456,1.9505469652850391,0.0,-4.6258030797273655,Risk/Caution,0
274.22879816549164,1581571768,4.0,-3.6372788992949734,4.542403669016755,6.2287981654916225,2.1646553212319004,2.6044172474656966,0.0,18.076871545826723,Risk/Caution,0
274.0,1583140356,3.191879620435583,-4.0,4.0,6.0,2.4125082367873008,0.46818627386282263,0.00919634484273624,25.232481518257668,Risk/Caution,0
274.0,1571982268,5.239214951383103,-3.641177572925346,4.0,4.760785048616897,1.9264710291701383,2.2297648602095483,0.00477858559363001,26.564710291701385,Risk/Caution,0
269.0,1571961600,5.0,-2.0,5.0,7.0,2.07,2.28,0.0,0.0,Risk/Caution,0
274.0,1583193600,3.0,-3.0,4.0,6.0,2.44,2.33,0.0,28.0,Risk/Caution,0
274.81342994111395,1581513958,4.186570058886036,-4.406714970556982,3.1865700588860357,6.813429941113964,2.676043473501284,2.2547768141326485,0.0053335532065046255,-11.872946172407671,Risk/Caution,0
269.0,1583107200,6.0,-3.0,5.0,6.0,2.2,0.0,0.0,0.0,Risk/Caution,0
274.0,1588204800,4.0,-4.5,4.0,5.0,2.0,2.0,-0.0017301038062284002,32.0,Risk/Caution,0
274.0,1572566400,4.0,-1.5,4.0,5.0,1.69,2.28,0.0,22.0,Risk/Caution,0
270.7923286427214,1571930628,4.641534271455727,-2.3584657285442727,4.641534271455727,6.641534271455727,2.145277802994297,2.330185201996198,0.0,7.886246027973997,Risk/Caution,0
274.0,1580860800,5.0,-5.5,4.0,6.0,2.76,2.52,-0.005535055350553542,26.0,Risk/Caution,0
274.0,1573237470,4.0,-4.065052809758663,4.0,5.623298126827558,2.563691311220709,2.379379693073804,-0.0006620419563663257,22.0,Risk/Caution,0
275.0,1579478400,4.0,-6.0,3.0,7.0,2.08,1.75,0.0,-36.0,Risk/Caution,0
275.0,1581724800,4.0,-5.0,3.0,6.0,2.31,2.45,0.0,-36.0,Risk/Caution,0
274.0,1582243200,4.0,-4.5,6.0,5.0,2.38,2.11,-0.007092198581560294,22.0,Risk/Caution,0
274.0,1571961600,5.0,-4.0,4.0,5.0,2.07,2.28,0.009124087591240837,28.0,Risk/Caution,0
274.0,1572683337,4.0,-1.8383617722710204,4.0,5.225574514847347,1.8027872574236734,2.256314675941028,0.000608564338616939,22.0,Risk/Caution,0
274.0,1582329600,5.0,-5.0,5.0,5.0,2.23,2.38,0.0,21.0,Risk/Caution,0
269.38489954914394,1575756421,5.846040180342414,-4.038489954914397,4.923020090171207,6.076979909828793,2.3577127675383656,1.4515765395852913,0.00041535922569492365,1.6935580162334458,Risk/Caution,0
274.0,1583971200,4.0,-4.0,5.0,5.0,2.0,2.0,0.0,32.0,Risk/Caution,0
274.0,1572562795,5.0,-3.2737931482488127,4.0,5.863103425875593,2.284106897223732,2.232137944474644,0.021212405727455738,22.0,Risk/Caution,0
274.0,1582934400,4.0,-3.0,4.0,6.0,2.64,2.82,-0.005338078291814985,19.0,Risk/Caution,0
273.01836038449557,1581897600,4.392655846201771,-2.348445776867963,5.0,5.196327923100886,2.3,0.0,0.010228553705988706,8.036720768991145,Risk/Caution,0
274.0,1574812800,4.0,-5.0,4.0,5.0,3.23,2.13,0.023593466424682408,22.0,Risk/Caution,0
269.0,1571884482,5.0,-4.231397496224945,5.0,7.892558998489978,2.257437389682895,2.404958259788597,0.0,0.0,Risk/Caution,0
274.77224476929666,1582435678,3.455510461406685,-4.772244769296657,3.227755230703343,7.3167343078899725,2.7421386185419223,2.4099266322556407,-0.0008134115382262205,-23.245707080612817,Risk/Caution,0
273.6297767413295,1572041602,5.9259553482659095,-2.4629776741329548,4.0740446517340905,4.222133955202271,1.514426791040454,2.085549376864159,-0.008372109839655589,20.37101766185001,Risk/Caution,0
274.0,1573713369,4.0,-4.818778735677607,4.0,5.7248850572895735,2.887642816120116,2.414281034531815,0.0008351375071852405,22.0,Risk/Caution,0
274.0,1581552000,4.0,-3.5,5.0,6.0,2.08,2.76,0.0,27.0,Risk/Caution,0
274.0,1583627982,4.82873750915193,-3.585631245424035,5.0,5.0,2.0,2.0,0.0,23.198837435936497,Risk/Caution,0
271.9485758530118,1579566281,4.508570691164703,-4.982858617670594,4.017141382329406,6.491429308835297,2.476685139108468,1.943256862642587,0.0,-17.6914551180707,Risk/Caution,0
274.0,1571443200,5.0,-4.0,4.0,5.0,1.78,2.18,0.00746268656716409,34.0,Risk/Caution,0
274.0,1582687273,3.57351042555401,-3.072781776610107,4.0,5.713244787222995,2.477582547861845,2.0927817766101064,0.01586509506685611,24.992713510560964,Risk/Caution,0
274.0,1585273321,4.0,-4.146571328076192,4.706857343847617,5.0,2.0,2.0,-0.0005071672251771408,29.87942796845715,Risk/Caution,0
274.0,1583539200,5.0,-3.5,5.0,5.0,2.0,2.0,0.0,22.0,Risk/Caution,0
271.38633585309003,1571920364,4.522732829381994,-2.477267170618006,4.522732829381994,6.522732829381994,2.170226105829781,2.346817403886521,0.0,10.499877753596131,Risk/Caution,0
274.4937955963644,1581159447,4.506204403635609,-5.006204403635609,3.5062044036356093,6.493795596364391,2.76,2.3669233651270387,0.0032622870537632118,1.310220181780462,Risk/Caution,0
274.0,1583213362,3.2287296533140544,-3.2287296533140544,4.0,6.0,2.513193489060497,2.355160261864546,-0.0028238228804204363,26.627622080115675,Risk/Caution,0
274.838778712746,1581652329,4.161221287254005,-4.083877871274599,3.1612212872540044,6.838778712745995,2.4274290197844395,2.1396518762839816,-0.004023347632007233,-3.4552717755377653,Risk/Caution,0
274.04522728891055,1581218122,4.0,-2.208545493385291,4.909545422178924,6.045227288910538,2.483115913784056,2.238643181332684,0.0005554228462697674,20.87431742120471,Risk/Caution,0
274.3886772896895,1581518418,4.0,-3.888677289689482,4.222645420621036,6.388677289689482,2.3443005569888475,2.546227490670785,0.004773229873379618,7.177458225836418,Risk/Caution,0
274.0,1581138039,4.19780301924596,-2.7725302654362647,4.80219698075404,6.0,2.5273628755813284,2.295384845388869,-0.0010948506600329975,23.59340905773788,Risk/Caution,0
275.0,1582416000,3.0,-5.0,3.0,8.0,3.02,2.23,0.0,-36.0,Risk/Caution,0
274.0,1583798400,4.0,-3.5,5.0,6.0,2.0,2.0,0.0,23.0,Risk/Caution,0
274.0,1584057600,4.0,-4.0,5.0,5.0,2.0,2.0,0.0,29.0,Risk/Caution,0
274.0,1581897600,4.0,-2.8,5.0,5.0,2.3,0.0,0.012727272727272698,10.0,Risk/Caution,0
274.0,1574899200,4.0,-4.5,4.0,5.0,1.9,3.23,0.0017730496453900457,22.0,Risk/Caution,0
273.07730714227415,1583248111,4.3690771430903315,-3.8154614284548343,4.184538571545166,6.0,2.656658399934707,1.9897258854297952,-0.010067425042652319,17.940151426006352,Risk/Caution,0
274.0,1572912000,4.0,-3.5,4.0,6.0,2.3,2.24,0.0,22.0,Risk/Caution,0
274.0,1580169600,4.0,-3.0,4.0,6.0,1.75,2.02,0.0,21.0,Risk/Caution,0
274.0,1582985907,3.801284318465828,-3.0,4.0,6.0,2.6002568636931658,2.7226293160482555,-0.004277318425974199,20.788441133807552,Risk/Caution,0
274.0,1574688198,4.0,-3.9573019364522084,4.0,5.0,1.8701516065048713,2.885386729647152,0.0008142071722103789,22.0,Risk/Caution,0
274.0,1572017176,5.643246673306411,-3.035129990040384,4.0,4.356753326693589,1.6840519960161535,2.1449181986056534,-0.0025609249368137707,24.140519960161534,Risk/Caution,0
274.0,1583396252,4.338203950294702,-3.6654490124263246,4.669101975147351,5.330898024852649,2.1091963482013742,1.3382039502947016,0.00473557101756925,23.323592099410597,Risk/Caution,0
273.35730295093856,1580716424,4.871460590187718,-5.435730295093859,4.0,6.257078819624565,2.6468853193651913,2.563703399336176,-0.004823582602515074,22.65797534488066,Risk/Caution,0
274.0,1588809600,3.0,-4.0,5.0,5.0,2.0,2.0,0.010273972602739656,37.0,Risk/Caution,0
274.0,1574121600,4.0,-2.5,4.0,5.0,1.79,1.96,-0.0017605633802817433,22.0,Risk/Caution,0
274.0,1571788800,5.0,-3.5,4.0,7.0,2.42,1.42,-0.0018214936247723523,28.0,Risk/Caution,0
275.0,1581638400,4.0,-4.1,3.0,7.0,2.45,2.08,0.0,-12.0,Risk/Caution,0
274.0,1588380041,3.710248547086232,-4.355124273543116,4.289751452913768,5.0,2.0,2.0,0.0017480947741579812,33.44875726456884,Risk/Caution,0
274.0,1581724800,5.0,-4.0,4.0,6.0,2.31,2.45,-0.024955436720142554,41.0,Risk/Caution,0
274.0,1572048000,6.0,-2.5,4.0,4.0,1.47,2.07,-0.009041591320072317,22.0,Risk/Caution,0
274.0,1573084800,5.0,-5.0,4.0,5.0,2.31,2.75,0.0053859964093356805,22.0,Risk/Caution,0
269.0,1571875200,5.0,-4.5,5.0,8.0,2.28,2.42,0.0,0.0,Risk/Caution,0
274.0,1572393600,5.0,-2.0,4.0,6.0,2.15,1.52,-0.009041591320072317,22.0,Risk/Caution,0
274.0,1583280000,4.0,-4.0,4.0,6.0,2.76,2.44,-0.012345679012345734,22.0,Risk/Caution,0
274.0,1571875200,4.0,-3.0,4.0,6.0,2.28,2.42,0.0,22.0,Risk/Caution,0
274.0,1573257110,4.750707770851125,-5.0,4.0,5.0,2.4820116381127235,2.7150990879191577,0.0036051859326953553,22.0,Risk/Caution,0
269.0,1582046986,6.0,-3.7606878143303213,5.0,8.0,2.4352290681546713,2.467671648649427,0.0,-6.0,Risk/Caution,0
269.15251476046456,1579620453,4.94916174651181,-4.05083825348819,4.94916174651181,6.0254191267440955,2.84932396676748,2.123899409581417,0.00018027749463897042,-0.30502952092914226,Risk/Caution,0
274.0,1573603200,4.0,-4.5,4.0,7.0,2.69,2.07,0.0053956834532373765,22.0,Risk/Caution,0
270.0,1574380800,6.0,-4.0,5.0,6.0,2.25,1.78,-0.002557544757033292,24.0,Risk/Caution,1
267.0,1582329600,6.0,-4.0,4.0,8.0,2.54,2.28,0.006734006734006703,-10.0,Risk/Caution,1
270.0,1571875200,5.0,-5.0,4.0,6.0,2.33,2.42,0.0,18.0,Risk/Caution,1
270.0,1581897600,6.0,-5.0,5.0,6.0,2.3,0.0,-0.017199017199017175,18.0,Risk/Caution,1
270.0,1574121600,6.0,-5.0,5.0,6.0,1.79,1.96,0.002564102564102555,18.0,Risk/Caution,1
270.0,1581552000,6.0,-5.0,5.0,6.0,2.61,2.64,0.0,0.0,Risk/Caution,1
267.0,1573603200,6.0,-3.0,4.0,8.0,2.32,1.99,-0.004934210526315819,0.0,Risk/Caution,1
270.0,1579046400,6.0,-5.0,5.0,7.0,1.85,2.03,0.0,6.0,Risk/Caution,1
270.0,1578268800,6.0,-5.0,5.0,5.0,1.54,0.0,0.0,30.0,Risk/Caution,1
270.0,1588032000,6.0,-4.0,5.0,7.0,2.0,2.0,0.0,18.0,Risk/Caution,1
270.0,1571616000,5.0,-2.0,4.0,6.0,1.98,0.0,0.0025706940874035134,6.0,Risk/Caution,1
267.0,1574467200,6.0,-5.0,5.0,5.0,1.86,2.59,-0.0049423393739703725,-6.0,Risk/Caution,1
283.0,1734480000,5.0,-8.0,4.0,4.0,1.87,2.2,0.0,6.0,Risk/Caution,1
270.0,1579132800,7.0,-5.0,5.0,7.0,2.81,1.85,0.012468827930174564,6.0,Risk/Caution,1
270.0,1576195200,5.0,-5.0,5.0,5.0,1.5,1.5,-0.0024630541871921707,0.0,Risk/Caution,1
267.0,1573257600,6.0,-4.0,2.0,5.0,2.32,1.75,0.0,0.0,Risk/Caution,1
270.0,1586908800,6.0,-6.0,5.0,6.0,2.0,2.0,0.0,12.0,Risk/Caution,1
270.0,1585526400,6.0,-7.5,5.0,6.0,2.0,2.0,0.004739336492890933,12.0,Risk/Caution,1
283.0,1714694400,8.0,-7.0,5.0,1.0,0.0,2.0,0.0,6.0,Risk/Caution,1
283.0,1715472000,6.0,-4.0,6.0,5.0,2.0,2.0,0.0016611295681063787,24.0,Risk/Caution,1
270.0,1573603200,6.0,-5.0,5.0,7.0,2.69,1.78,-0.002564102564102555,18.0,Risk/Caution,1
283.0,1732752000,4.0,-5.6,3.0,3.0,1.9,3.23,-0.00347222222222221,12.0,Risk/Caution,1
271.0,1572220800,6.0,-6.0,5.0,6.0,2.08,0.0,0.0,-6.0,Risk/Caution,1
270.0,1571443200,5.0,-5.0,4.0,7.0,1.66,2.18,-0.002564102564102555,0.0,Risk/Caution,1
270.0,1573862400,5.0,-5.0,4.0,7.0,2.17,3.0,0.005208333333333259,13.0,Risk/Caution,1
270.0,1576800000,6.0,-4.0,5.0,6.0,1.94,1.94,0.0076142131979695105,12.0,Risk/Caution,1
270.0,1573689600,6.0,-5.0,5.0,7.0,2.34,2.69,-0.01799485861182515,8.0,Risk/Caution,1
267.0,1584748800,6.0,-6.5,5.0,5.0,2.0,2.0,-0.003361344537815114,9.0,Risk/Caution,1
271.0,1573776000,6.0,-5.0,5.0,5.0,3.0,2.34,-0.002421307506053294,-18.0,Risk/Caution,1
270.0,1579824000,6.0,-5.0,5.0,7.0,2.44,1.93,0.0,6.0,Risk/Caution,1
267.0,1573948800,6.0,-2.5,4.0,7.0,2.57,2.33,0.0066225165562914245,6.0,Risk/Caution,1
270.0,1572307200,5.0,-5.0,5.0,5.0,1.46,2.08,0.00512820512820511,12.0,Risk/Caution,1
267.0,1572912000,6.0,-5.0,10.0,7.0,2.19,1.74,0.0,6.0,Risk/Caution,1
271.0,1574553600,6.0,-6.0,4.0,6.0,2.3,2.3,-0.0117647058823529,0.0,Risk/Caution,1
267.0,1573776000,6.0,-5.0,5.0,5.0,2.3,2.12,-0.004934210526315819,-6.0,Risk/Caution,1
270.0,1571961600,5.0,-4.0,5.0,7.0,2.07,2.33,0.0025839793281654533,16.0,Risk/Caution,1
267.0,1572998400,6.0,-2.0,6.0,8.0,2.48,2.19,0.0016722408026756952,-6.0,Risk/Caution,1
270.0,1572566400,5.0,-4.0,5.0,6.0,1.69,2.33,0.0,0.0,Risk/Caution,1
271.0,1572912000,6.0,-4.5,6.0,5.0,2.0,2.24,-0.012048192771084376,0.0,Risk/Caution,1
283.0,1715040000,5.0,-5.0,4.0,5.0,2.0,2.0,0.008547008547008517,-6.0,Risk/Caution,1
270.0,1572998400,6.0,-5.0,5.0,7.0,2.69,2.0,0.0,18.0,Risk/Caution,1
267.0,1576886400,6.0,-2.0,6.0,7.0,2.97,2.97,0.0,12.0,Risk/Caution,1
283.0,1734048000,5.0,-3.0,3.0,4.0,2.91,2.0,-0.0034129692832765013,-6.0,Risk/Caution,1
267.0,1578096000,6.0,-6.0,3.0,8.0,1.92,1.86,0.005119453924914641,0.0,Risk/Caution,1
270.0,1575504000,5.0,-5.0,4.0,5.0,1.53,2.79,0.00746268656716409,12.0,Risk/Caution,1
283.0,1733961600,6.0,-7.0,4.0,4.0,2.0,2.79,0.0017094017094017033,6.0,Risk/Caution,1
267.0,1577664000,7.0,-4.0,3.0,8.0,1.51,0.0,0.0033444816053511683,6.0,Risk/Caution,1
270.0,1574208000,6.0,-5.0,5.0,7.0,1.76,1.79,0.002557544757033181,0.0,Risk/Caution,1
270.0,1579478400,6.0,-5.0,5.0,7.0,2.08,1.82,0.004938271604938205,12.0,Risk/Caution,1
271.0,1572307200,6.0,-4.5,5.0,5.0,1.46,2.08,0.0024330900243310083,0.0,Risk/Caution,1
283.0,1734307200,6.0,-6.0,4.0,5.0,2.35,0.0,-0.023931623931623958,6.0,Risk/Caution,1
270.0,1581984000,6.0,-5.0,5.0,6.0,2.11,2.3,0.02499999999999991,30.0,Risk/Caution,1
271.0,1575072000,6.0,-4.0,4.0,7.0,2.29,2.1,0.0023529411764706687,0.0,Risk/Caution,1
270.0,1582329600,6.0,-5.0,5.0,6.0,2.23,2.38,0.0,18.0,Risk/Caution,1
267.0,1578268800,6.0,-6.0,2.0,5.0,1.58,0.0,0.011884550084889645,-10.0,Risk/Caution,1
270.0,1571788800,5.0,-5.0,5.0,8.0,2.42,1.42,0.002590673575129543,8.0,Risk/Caution,1
270.0,1578960000,6.0,-5.5,5.0,7.0,2.03,2.33,-0.00496277915632759,0.0,Risk/Caution,1
267.0,1580774400,6.0,-5.0,3.0,6.0,2.1,1.85,0.005093378607809784,-6.0,Risk/Caution,1
267.0,1576800000,6.0,-2.0,2.0,4.0,2.97,2.68,0.0033388981636059967,6.0,Risk/Caution,1
267.0,1581033600,6.0,-4.0,3.0,5.0,1.63,2.25,-0.006779661016949157,-6.0,Risk/Caution,1
270.0,1575936000,6.0,-5.0,5.0,5.0,2.68,1.4,0.002457002457002533,0.0,Risk/Caution,1
270.0,1572393600,6.0,-5.0,5.0,8.0,2.15,1.46,0.028061224489795977,12.0,Risk/Caution,1
270.0,1582848000,6.0,-4.0,5.0,1.0,2.82,2.75,0.0,0.0,Risk/Caution,1
270.0,1574812800,6.0,-5.0,5.0,7.0,3.23,2.13,-0.01749999999999996,12.0,Risk/Caution,1
271.0,1577923200,6.0,-7.0,5.0,6.0,1.41,0.0,0.009389671361502261,0.0,Risk/Caution,1
270.0,1582416000,5.0,-6.0,5.0,8.0,3.02,2.23,0.0,18.0,Risk/Caution,1
267.0,1578355200,6.0,-5.0,3.0,7.0,2.2,1.58,0.0,-10.0,Risk/Caution,1
270.0,1587340800,6.0,-7.0,5.0,3.0,2.0,0.0,0.0,0.0,Risk/Caution,1
270.0,1582070400,6.0,-4.0,5.0,6.0,2.42,2.11,0.004878048780487809,0.0,Risk/Caution,1
267.0,1580256000,6.0,-4.5,3.0,8.0,2.06,1.97,0.0017064846416381396,-6.0,Risk/Caution,1
270.0,1573776000,6.0,-6.0,5.0,6.0,3.0,2.34,0.005235602094240788,5.0,Risk/Caution,1
267.0,1579564800,6.0,-6.0,3.0,6.0,2.02,1.89,0.0,-6.0,Risk/Caution,1
270.0,1589241600,6.0,-5.0,5.0,6.0,2.0,2.0,0.0,12.0,Risk/Caution,1
270.0,1579564800,6.0,-4.0,5.0,6.0,2.18,2.08,-0.009828009828009798,0.0,Risk/Caution,1
271.0,1573344000,6.0,-3.0,5.0,6.0,2.05,2.21,0.0,0.0,Risk/Caution,1
267.0,1581379200,6.0,-3.5,4.0,6.0,1.81,1.32,-0.008389261744966459,-18.0,Risk/Caution,1
283.0,1735516800,5.0,-7.0,3.0,4.0,1.41,0.0,-0.00865051903114189,6.0,Risk/Caution,1
270.0,1582675200,6.0,-6.0,5.0,6.0,1.72,2.58,0.0,18.0,Risk/Caution,1
283.0,1735603200,5.0,-6.0,2.0,1.0,0.0,1.41,0.0,8.0,Risk/Caution,1
270.0,1573084800,6.0,-4.0,5.0,5.0,2.75,2.69,0.0,12.0,Risk/Caution,1
267.0,1579737600,5.0,-6.0,3.0,6.0,1.98,2.26,-0.006734006734006703,-12.0,Risk/Caution,1
270.0,1577664000,6.0,-5.0,5.0,7.0,1.41,1.0,0.0,0.0,Risk/Caution,1
270.0,1579651200,6.0,-5.0,5.0,7.0,2.76,2.18,0.0,0.0,Risk/Caution,1
271.0,1575763200,6.0,-4.0,5.0,6.0,2.92,3.29,-0.0071770334928229484,6.0,Risk/Caution,1
270.0,1588464000,6.0,-7.5,5.0,1.0,0.0,2.0,0.0,6.0,Risk/Caution,1
267.0,1577923200,6.0,-3.0,4.0,8.0,1.51,0.0,0.006711409395973256,-6.0,Risk/Caution,1
267.0,1581465600,6.0,-3.5,3.0,8.0,2.37,1.81,-0.0033840947546531774,-12.0,Risk/Caution,1
270.0,1571702400,5.0,-5.0,4.0,6.0,1.42,1.98,-0.01025641025641022,6.0,Risk/Caution,1
267.0,1573689600,6.0,-4.0,4.0,5.0,2.12,2.32,0.0049586776859504855,-6.0,Risk/Caution,1
267.0,1572480000,6.0,-4.5,3.0,5.0,2.02,2.19,0.0016474464579900872,-6.0,Risk/Caution,1
270.0,1586131200,6.0,-8.0,5.0,6.0,2.0,2.0,0.004878048780487809,12.0,Risk/Caution,1
283.0,1705881600,6.0,-5.0,3.0,6.0,2.86,2.13,-0.0034482758620689724,6.0,Risk/Caution,1
270.0,1577750400,6.0,-5.0,4.0,1.0,0.0,1.41,0.0,0.0,Risk/Caution,1
267.0,1579910400,6.0,-4.5,3.0,7.0,1.7,1.93,-0.006734006734006703,-12.0,Risk/Caution,1
270.0,1582502400,8.0,-5.5,5.0,7.0,1.8,3.02,0.0,24.0,Risk/Caution,1
267.0,1581724800,6.0,-7.5,4.0,6.0,2.05,1.94,0.0,6.0,Risk/Caution,1
270.0,1579219200,6.0,-5.0,5.0,6.0,1.68,2.81,-0.0024630541871921707,6.0,Risk/Caution,1
270.0,1588550400,6.0,-7.0,5.0,5.0,2.0,0.0,0.0,18.0,Risk/Caution,1
270.0,1576108800,5.0,-4.0,5.0,4.0,1.5,2.79,0.0024691358024691024,-2.0,Risk/Caution,1
271.0,1573948800,6.0,-5.0,5.0,6.0,2.15,2.17,-0.002409638554216831,6.0,Risk/Caution,1
270.0,1586476800,6.0,-7.5,5.0,6.0,2.0,2.0,-0.012048192771084376,12.0,Risk/Caution,1
267.0,1573862400,6.0,-3.5,3.0,5.0,2.33,2.3,-0.0016528925619834212,-6.0,Risk/Caution,1
271.0,1574294400,5.0,-5.5,5.0,5.0,1.78,1.76,0.021428571428571352,6.0,Risk/Caution,1
283.0,1704931200,5.0,-6.0,3.0,5.0,1.89,2.19,-0.005181347150259086,-6.0,Risk/Caution,1
270.0,1584489600,6.0,-6.5,5.0,6.0,2.0,2.0,0.0,-12.0,Risk/Caution,1
270.0,1577923200,6.0,-5.0,5.0,6.0,1.41,0.0,0.01005025125628145,6.0,Risk/Caution,1
267.0,1576972800,6.0,-3.5999999999999996,5.0,5.0,3.62,2.97,-0.0033277870216306127,18.0,Risk/Caution,1
270.0,1580688000,6.0,-4.0,5.0,6.0,1.85,2.88,-0.009756097560975618,0.0,Risk/Caution,1
271.0,1574467200,5.0,-5.0,4.0,5.0,2.3,2.25,-0.007009345794392496,6.0,Risk/Caution,1
270.0,1588809600,6.0,-6.0,5.0,6.0,2.0,2.0,0.0,0.0,Risk/Caution,1
283.0,1733875200,5.0,-5.0,4.0,4.0,2.79,2.33,0.001712328767123239,6.0,Risk/Caution,1
270.0,1579737600,6.0,-4.5,5.0,6.0,1.93,2.76,0.0,0.0,Risk/Caution,1
271.0,1574640000,6.0,-6.0,5.0,5.0,2.06,2.3,-0.01904761904761909,0.0,Risk/Caution,1
270.0,1572220800,5.0,-5.0,5.0,6.0,2.08,0.0,0.0,12.0,Risk/Caution,1
271.0,1574380800,5.0,-6.0,5.0,5.0,2.25,1.78,-0.002331002331002363,-6.0,Risk/Caution,1
270.0,1588636800,6.0,-7.5,5.0,7.0,2.0,2.0,0.0,18.0,Risk/Caution,1
270.0,1575590400,6.0,-4.0,6.0,6.0,3.29,1.53,-0.007407407407407418,6.0,Risk/Caution,1
270.0,1583884800,6.0,-5.0,5.0,6.0,2.0,2.0,0.0,6.0,Risk/Caution,1
267.0,1578441600,6.0,-5.0,3.0,6.0,2.25,2.2,-0.015100671140939603,-10.0,Risk/Caution,1
270.0,1574035200,5.0,-5.0,5.0,5.0,1.96,2.15,0.020942408376963373,1.0,Risk/Caution,1
