pEffort,uaI,SleepInd,Sex_F,pEffort(MA6),SleepInd(MA6),uaI(MA6),Appetite(MA6),FatigInd
6.0,2.08,-5.0,1,4.678341327003208,-4.7133495888966115,2.2522524239165804,5.2979068095145045,Optimal
1.0,2.0,-6.529999999999999,1,4.206533599946193,-6.136978681079829,1.997464728139748,6.000012555873833,Optimal
1.0,0.0,-4.0,0,3.71243533486713,-3.5761471130519578,1.0995774898068549,4.884461087341466,Optimal
5.0,2.69,-6.0,1,4.685065901040721,-5.692757593406835,2.20120253943357,6.000000017035974,Optimal
7.0,2.03,-5.0,1,6.853001538221792,-5.523600265303571,1.9055259980098775,6.028800807834182,Optimal
3.0,1.4,-7.0,1,2.5409377421323467,-6.47908969899693,2.2907387771618195,5.397592193564368,Optimal
5.0,2.35,-7.0,0,4.622729609860221,-5.320095863058845,2.736609655025125,3.812466239454739,Optimal
5.0,2.21,-4.0,1,3.809549000926289,-4.038165194237358,2.1456147508764984,5.58389734664843,Optimal
6.0,2.33,-6.0,1,4.63420003569941,-5.059235522613877,1.9504655373186344,5.988525189334376,Optimal
6.0,2.45,-4.5,0,5.859687012658876,-3.6857693567300376,2.2750826811014675,3.92528435997715,Optimal
5.0,1.53,-6.0,1,4.73608491131144,-5.4085216133165614,1.868153718346048,5.912426276033677,Optimal
5.0,2.45,-7.0,1,6.353572213378465,-5.940612380256924,2.027309182658101,6.014694289711318,Optimal
2.0,3.67,-3.0,1,3.1572815162827146,-4.735714601616315,2.82371623006073,5.219698673462762,Optimal
5.0,1.56,-8.0,0,3.916105268992822,-7.139443924180228,0.8916573185864414,3.285106506767745,Optimal
3.0,1.0,-7.0,1,4.734770564091478,-7.065133235017295,1.638391079206468,6.000000015006736,Optimal
6.0,1.94,-7.0,0,5.333280302441748,-6.458583887718358,2.1642320009957112,3.951183423431575,Optimal
5.0,2.51,-6.5,1,5.055140009509774,-6.108501643561496,2.1097249758971124,5.999999967435813,Optimal
7.0,2.94,-4.0,1,6.697974525393824,-4.400781836495387,2.3457928242978463,5.98630359273369,Optimal
6.0,2.21,-3.5,0,4.982033807694178,-3.2858266321863643,2.1372178451312736,4.166567081352591,Optimal
7.0,1.75,-5.0,1,6.631648760400846,-3.9741440914596793,1.9224123977878431,5.9997584148510406,Optimal
6.0,1.86,-5.0,1,4.970165003844205,-4.815734209827445,1.1347005095347122,6.134666665964347,Optimal
4.0,2.81,-5.0,1,4.600356173195577,-5.514969802934141,2.5127649682905338,6.000000001154365,Optimal
6.0,2.0,-4.0,1,5.414809806940464,-4.340732643872624,2.1538697631219295,5.998975507571201,Optimal
4.0,1.82,-6.0,1,4.753671435364124,-6.077501173972498,2.0269464113550804,5.999999976739867,Optimal
8.0,2.25,-3.5,1,6.68887382496892,-5.15774381423285,2.04725047558083,5.999955081002529,Optimal
3.0,2.0,-8.0,1,3.095316555478764,-8.292139040630637,1.9968004232909344,5.1429596399464,Optimal
1.0,0.0,-5.0,1,3.4159082108122045,-5.258980528364033,1.6116312759917784,5.7833689734523395,Optimal
7.0,2.76,-4.6,0,5.315026908250394,-4.453133916805987,2.42309774475835,5.04681283545926,Optimal
5.0,2.45,-5.5,1,4.770243805002291,-4.938106849211866,2.3087517313689863,5.212790578224646,Optimal
5.0,2.19,-4.5,1,4.561128743534696,-4.6318195100646555,1.9127847147284984,6.003104389741795,Optimal
5.0,1.89,-5.0,0,4.86606698804488,-4.352107552412072,1.834895541819121,4.085164786715696,Optimal
3.0,2.74,-2.0,0,4.489174019876086,-3.6423412212005246,2.578016855446541,4.232199626498126,Optimal
7.0,1.0,-3.5,1,6.125545525329685,-4.375497332561322,2.0421095699344267,6.0147073928238175,Optimal
6.0,3.2,-5.0,1,4.824695690106518,-4.247310552767578,2.6273681238600934,6.056499920271975,Optimal
6.0,2.47,-3.8,1,5.175354446058132,-4.603813193429902,2.4393430476562363,5.999999999980143,Optimal
6.0,2.33,-4.0,0,4.809217851043306,-4.281687526740853,1.6018854805199598,4.329165707508007,Optimal
4.0,1.82,-4.5,1,4.229734816594179,-4.828007595199191,2.0711744438263544,6.019286342604994,Optimal
3.0,2.83,-5.699999999999999,1,2.9726530022458713,-5.942419382733245,1.930094920882785,5.0807462391156255,Optimal
1.0,0.0,-6.0,1,1.7862983754112678,-5.749021318706147,1.347536150500908,5.999999999982792,Optimal
1.0,0.0,-6.0,1,2.650735893313433,-5.872140323554201,1.274296798097755,5.604307437457287,Optimal
5.0,2.0,-8.0,1,3.99743341756244,-7.312367143339967,1.5476255484614565,6.000000000006537,Optimal
1.0,0.0,-4.0,0,4.641876482994212,-3.981729812358267,1.7992885633611235,3.547825047781388,Optimal
8.0,2.22,-4.0,1,6.625635043960071,-4.1399874461575035,1.9678259647302112,5.941917516012462,Optimal
5.0,1.6,-4.0,0,4.938963943429428,-4.285347259559154,2.0980020262778973,4.021793718408517,Optimal
5.0,1.93,-5.0,0,4.912536443148689,-2.6166180758017488,1.6053644314868805,5.12536443148688,Optimal
5.0,2.61,-5.0,1,5.249727833730251,-4.965590689668342,2.379070972421969,5.999999999994832,Optimal
3.0,1.0,-6.0,0,4.666628787458391,-6.327559919798827,1.831594286425508,3.965131016736839,Optimal
3.0,2.0,-7.0,1,2.8583279099626737,-7.1146358254058795,1.5917802987102772,5.77145110687934,Optimal
4.0,2.0,-6.0,1,2.5158002851445405,-5.861781892624466,1.8301583065652096,5.999999999995521,Optimal
6.0,2.0,-6.0,1,5.626734344968732,-5.58675009962925,1.9625847353465515,6.000185298211895,Optimal
5.0,1.79,-5.5,1,5.201457066593425,-5.162115658676111,2.0756112907435447,5.966712236970696,Optimal
3.0,2.0,-7.0,1,3.298224456983482,-6.939736087975904,1.8512318872850864,5.485222706588681,Optimal
5.0,1.96,-6.0,1,5.282039893230796,-5.026961922146556,2.189855807040962,5.953397131758974,Optimal
6.0,2.64,-3.0,1,4.9382207641353375,-4.8190594593226015,2.3515845644076014,5.999999999706947,Optimal
1.0,2.0,-4.0,1,3.119382805222858,-5.578888893529143,2.007835704665081,5.123662841686191,Optimal
1.0,1.0,-5.0,0,3.842840750554522,-4.055929856231538,1.8366040619768345,4.215888947945549,Optimal
3.0,2.0,-5.5,1,2.298367285583882,-5.599841425588596,1.7917444582958275,5.9999999926540495,Optimal
5.0,2.76,-6.0,1,5.088041639976921,-5.403128763880311,2.484548251876198,5.999999999923716,Optimal
1.0,0.0,-7.5,1,3.0894519605443853,-6.942753560778357,1.1457787554704884,6.000000001016863,Optimal
5.0,1.82,-4.0,1,4.949665557677352,-4.571882758776546,2.116980448231364,5.918588505886219,Optimal
4.0,1.54,-5.5,1,3.02956168352015,-6.160522413323025,0.910180925254594,5.999998153808802,Optimal
6.0,2.0,-6.0,1,5.600150305619296,-6.727661140633897,1.8512465152446769,6.0000000294132025,Optimal
1.0,0.0,-6.0,1,2.393968979999473,-5.5233035688040975,1.1992284407646536,6.103726579251883,Optimal
4.0,1.29,-5.0,1,3.4047564513391047,-5.673781739058224,1.327003926063942,6.635568513129923,Optimal
5.0,1.6,-4.0,0,4.161430008538421,-4.249762120830596,1.4403797471858226,4.4394291976707425,Optimal
5.0,2.0,-5.0,1,4.2883186702262215,-5.654650252535166,1.816353858075973,6.074237709677091,Optimal
1.0,0.0,-7.0,1,1.9146216759705248,-6.373560963049225,0.3892278917778515,5.38603172621499,Optimal
6.0,2.64,-6.0,1,5.3496189672223515,-4.951826965535679,2.286699361390757,5.999999999992764,Optimal
4.0,1.75,-4.0,0,2.5127179154144557,-5.369882257246903,0.9461034037265444,5.5291588625110375,Optimal
5.0,1.56,-6.0,1,3.4171172595792907,-6.2724735021583795,0.826176458898606,5.999994934051352,Optimal
5.0,2.59,-4.5,1,5.139457436397789,-3.880227713124895,2.1627510664511695,6.000001352170384,Optimal
3.0,2.0,-6.0,1,3.1876982247185497,-5.735125703064965,1.9208181657036667,5.999935210446351,Optimal
4.0,1.32,-3.5,1,5.829244198539918,-3.62505138696536,1.8518996195298412,5.999337090351254,Optimal
5.0,2.08,-6.0,1,4.824051025260088,-6.055357981408927,2.042104579539343,5.999999983385619,Optimal
1.0,0.0,-7.0,1,2.64138635692821,-6.424731378652235,0.6582532953564316,5.999997415332323,Optimal
6.0,2.0,-4.5,1,5.665880491289972,-4.771601921009404,2.0023793630683553,5.9919556229700115,Optimal
3.0,1.0,-7.0,1,3.92523274476214,-6.719854985089699,1.6040902576586835,6.000000001423608,Optimal
5.0,2.06,-3.0,0,4.765523885078488,-4.5441900323224464,2.15312458414917,4.083722748638161,Optimal
5.0,2.64,-5.0,1,4.951277344075249,-5.56695382150504,2.5192204151530833,4.781756235851864,Optimal
3.0,3.29,-6.0,0,4.006203146745736,-5.381966399633121,2.237558243228296,4.504224593312875,Optimal
5.0,1.68,-6.0,1,5.077196013313684,-5.951902300986094,1.9496149662559572,5.999999954410138,Optimal
4.0,1.46,-4.5,1,3.575820832455739,-5.556926836308357,1.585539768205717,6.000000046746712,Optimal
6.0,1.52,-4.5,0,5.592995412695938,-2.878889216793443,1.5260102475435948,5.52539480218824,Optimal
6.0,3.58,-5.0,1,5.160496921504656,-4.462364680548269,2.899548659900067,6.040357085908553,Optimal
4.0,1.54,-6.5,1,2.854238872934366,-6.082607128549344,0.9487664164815724,5.201484449599681,Optimal
3.0,2.0,-9.0,1,3.2615486282337276,-7.841629527490469,1.9912203615103243,5.392281252012922,Optimal
7.0,3.02,-6.5,0,5.82997612076163,-4.69310355019474,2.4225049771022027,4.479519786560353,Optimal
3.0,2.0,-7.0,1,2.821779736851055,-6.9900429562634665,1.907450754295,5.623878132818916,Optimal
8.0,2.0,-5.800000000000001,1,6.197422092933451,-5.843283870122393,1.7917574173970403,5.992931108313687,Optimal
6.0,2.75,-3.0,0,5.251234142008432,-4.085947476818356,2.0914091835861663,5.839373699908251,Optimal
6.0,2.0,-5.0,1,6.353538061679662,-4.421657640614995,1.9859224639957256,6.029664679207467,Optimal
6.0,2.0,-6.0,1,5.13510726857461,-5.922285021730777,1.9863646994703177,6.000067528502878,Optimal
8.0,2.58,-2.0,1,6.50624468616174,-3.8743753944687063,1.925738890871214,5.886158331384425,Optimal
6.0,1.94,-4.5,1,6.451177686000604,-4.124388636756914,1.9274374269913168,5.999827439179315,Optimal
5.0,2.18,-3.5,1,4.874322160900062,-5.325255701006377,2.0815032710995305,5.999999988132585,Optimal
6.0,1.68,-5.5,0,6.122980347171133,-4.835625206077625,1.9695691843957113,3.8485104053972097,Optimal
5.0,1.32,-2.0,0,4.574847330771849,-3.20015728506091,2.1081049831837833,4.233193913893627,Optimal
2.0,1.87,-7.0,1,4.19513353149336,-5.804606581414369,1.9773547373632456,5.995761409144374,Optimal
5.0,2.35,-5.0,1,3.9827291660398134,-5.397804883077397,1.803956977289798,6.000000033390509,Optimal
6.0,2.0,-6.0,1,5.163266705192069,-5.876402499417015,2.127412184688474,5.9963268267225365,Optimal
7.0,2.42,-5.0,0,5.526804307728922,-3.681947997858035,1.8002879752484082,5.268043077289224,Optimal
5.0,1.93,-2.5,1,4.93587865352044,-4.451661071942029,2.17668534239772,5.999999993945197,Optimal
4.0,2.0,-6.0,0,3.6828361262639904,-5.615219285181515,1.9986169824878477,3.929272167150439,Optimal
3.0,2.0,-3.0,1,3.6710532859523046,-4.683595325191689,1.9096728953355335,5.105261932996445,Optimal
3.0,2.0,-5.5,1,2.531120222263679,-5.557593165067231,1.999814509822833,5.999999848224965,Optimal
1.0,0.0,-5.0,1,4.454165818287859,-5.110068474401757,0.9707655660891388,6.0687074826348715,Optimal
6.0,2.0,-5.0,1,5.407940838538548,-4.587540954956612,2.010961466559357,6.003828455024943,Optimal
5.0,2.0,-6.0,1,4.047244690819358,-5.0513616583104675,1.834457535427116,5.777589310442904,Optimal
6.0,2.0,-6.0,1,5.684805855894537,-5.971678214916464,1.995030867153906,6.000024609512712,Optimal
2.0,2.0,-5.5,1,1.826062131701515,-5.923204366051767,1.339378984424513,5.999999999998834,Optimal
8.0,2.04,-3.0,1,6.560941877955885,-3.675071941751504,2.0646594673417775,5.999071926491756,Optimal
6.0,1.62,-5.0,1,5.404414827155352,-5.466472303206997,1.7151270304039985,6.045814244064974,Optimal
4.0,2.73,-5.0,1,4.2806688187418,-4.989261574255124,2.555944677754018,5.506100065638455,Optimal
2.0,3.29,-6.0,1,2.700333164411159,-5.9706221340475745,2.236987204532033,5.530992979140626,Optimal
4.0,1.0,-6.0,1,2.475942391113065,-5.815982660966638,0.5772577214814041,5.9999465980601805,Optimal
8.0,2.09,-6.0,1,6.036636220880598,-5.476759127993002,1.7412433385391046,6.0790294166969945,Optimal
3.0,2.0,-8.0,1,4.634969498422383,-7.0522396009463355,1.9133460749844544,6.000000000012812,Optimal
6.0,2.0,-5.5,1,6.304807190272169,-5.7771856480216295,1.893753784386245,5.9963934226090245,Optimal
3.0,0.0,-4.5,0,4.332904991460628,-4.394362537437194,1.3106396727279437,4.060831990511211,Optimal
7.0,1.89,-4.0,0,5.128876104582384,-5.351255100471029,1.6538645088603654,3.7009731418732503,Optimal
4.0,2.32,-3.0,0,4.179633150090395,-3.8883662890386392,2.1066651543681365,4.219883225665873,Optimal
6.0,2.02,-5.5,1,4.452696442503238,-5.556138346507192,1.6645765676795397,5.999999998423886,Optimal
6.0,2.48,-6.0,1,5.006477776787366,-5.67149915638122,1.914988044734459,5.999999999195861,Optimal
5.0,2.79,-5.0,1,5.11953862768774,-4.705933374439843,2.519782089083519,5.608557734668535,Optimal
3.0,2.0,-7.0,1,4.4132805401544095,-6.106739445752968,1.963797528119724,5.999512164723369,Optimal
4.0,2.0,-5.5,0,3.7654562708417463,-4.829226223647868,1.890227856893552,4.139407578705351,Optimal
4.0,0.0,-6.0,1,4.7416895254290825,-5.538910088999665,1.108175160737917,5.708454810495448,Optimal
5.0,1.53,-6.0,0,5.105483259526218,-5.424056937462864,1.8157820863448464,3.471822878187816,Optimal
7.0,2.36,-4.0,0,5.7774580726375895,-5.116955565477001,1.8169778419818312,3.584312552409943,Optimal
6.0,2.16,-0.5,1,6.3544447740420855,-3.061429468491645,2.098896804646557,5.984880652856223,Optimal
1.0,0.0,-4.0,0,3.82600201195379,-4.349666969162834,1.3765316460601518,4.21520087673904,Optimal
5.0,2.0,-6.0,1,3.9671359273120017,-6.210444450940801,2.010969986531113,5.173127978360668,Optimal
5.0,2.67,-6.5,1,6.3175683160357075,-5.428581266038127,2.1284044790923087,5.896872408417652,Optimal
5.0,1.83,-6.0,1,4.179650161301867,-6.029846643757629,1.820680394563016,5.999999656729488,Optimal
8.0,2.0,-7.0,1,6.730108441248992,-4.933028565847547,1.9613712412042703,6.081399879745287,Optimal
4.0,3.95,-6.0,1,4.141376393243064,-5.802717952886844,3.7306116811987815,6.000000000214637,Optimal
8.0,2.25,-4.5,1,7.208030069771894,-4.585532399530958,2.1033539356237787,5.973155041758032,Optimal
5.0,1.94,-7.0,0,5.066592423418448,-6.242017442805702,2.253924801393996,3.9316567928042048,Optimal
6.0,2.0,-7.5,1,5.284009777317884,-6.688555175129727,1.7776392012365911,6.0000000002646985,Optimal
4.0,2.0,-7.0,1,3.184519935687624,-7.0818827324327716,1.7084144990787693,5.551036504913814,Optimal
8.0,2.0,-4.0,1,6.9558867661630925,-4.317172265619895,1.9928175836712885,6.015135040411973,Optimal
7.0,2.08,-3.0,0,5.430193577774313,-2.2304449035108203,1.5284143465610327,5.335552723063535,Optimal
5.0,2.11,-5.5,1,4.36338427324371,-5.467987797061556,1.9165119764870977,5.99999999999904,Optimal
3.0,1.0,-5.0,1,2.7505256380810237,-5.622957373967287,1.1959262843555396,5.717362455326634,Optimal
1.0,1.0,-4.0,1,1.805534151037325,-4.973252556595309,0.7682488730548059,5.981435253449779,Optimal
7.0,2.59,-4.0,0,6.172172486039586,-4.569875288508674,2.0853968581539957,3.7879145675560935,Optimal
6.0,2.0,-4.5,1,6.682776261545066,-4.369408761157068,1.994869702622349,6.01081074315141,Optimal
2.0,2.0,-6.0,1,1.9837895047775636,-5.705782221601499,1.7840168600827346,5.999999999502236,Optimal
4.0,1.77,-5.0,1,4.882032181162889,-4.590397829864378,1.8469697601009991,6.011925823632074,Optimal
5.0,2.52,-4.0,1,5.00636457434153,-4.1085769762775985,2.1170229653888337,6.000466246374775,Optimal
3.0,2.0,-7.0,1,2.9834856246401222,-6.451579721758947,1.5141991526093792,6.005163938518801,Optimal
5.0,2.83,-5.6,0,4.572158167621643,-4.788654143280915,1.9312141567274608,4.4282802028932355,Optimal
5.0,2.44,-5.0,1,4.1296053746658545,-5.525187841760403,1.9222666486992412,5.985889137537296,Optimal
3.0,1.98,-4.0,1,3.612244897959184,-5.498542274052477,1.6021574344023324,5.568513119533527,Optimal
4.0,2.92,-4.0,0,4.003164870788641,-5.317329795731183,2.647325634300151,4.257257445567793,Optimal
8.0,2.0,-4.0,1,7.0929346008921375,-4.666448975605391,1.9724080294316215,6.058142771246634,Optimal
1.0,0.0,-3.0,0,3.8307374109085215,-3.276765469812897,1.3077800851854458,4.588855861137766,Optimal
4.0,2.37,-5.0,1,4.862377760328545,-4.675137382025364,2.408127902838496,6.000169914859613,Optimal
5.0,2.65,-5.0,1,4.387936823058968,-5.0586580627215,2.520798453209456,6.000000000588962,Optimal
6.0,2.0,-5.0,1,5.53223268780596,-4.880242689413166,2.0033311082956975,5.988737872158016,Optimal
3.0,2.0,-5.5,1,2.436643838979927,-5.963840297941533,1.688694875764288,5.999999999933893,Optimal
5.0,2.03,-1.0,1,5.353541706134907,-3.9899178660979167,1.777096409331825,6.303599407183172,Optimal
5.0,2.0,-4.0,0,4.318598130931248,-4.695373508006558,1.7910722972541109,3.3263366262815133,Optimal
6.0,2.0,-6.0,1,5.558728198252352,-5.96034950088305,1.993043214015468,6.000034453317796,Optimal
5.0,1.9,-5.0,0,4.4010214346703,-4.464115800593282,1.5716998194184448,4.59959228405053,Optimal
4.0,2.0,-6.0,1,3.553990298236802,-6.294622231317121,2.015357981143558,5.242379169704936,Optimal
4.0,1.77,-7.0,1,4.785437467549892,-5.000116180165763,1.98875054410774,6.0000006898828495,Optimal
5.0,2.0,-3.8,0,3.6716387791784455,-4.560916713107015,1.846318999650973,4.19517061018749,Optimal
2.0,3.29,-6.0,1,2.5002379745793992,-5.979015810033982,2.5378480032371664,5.379280699386161,Optimal
7.0,2.45,-5.0,1,6.194551180115267,-4.467993909207815,2.390439591386555,6.000016118889247,Optimal
6.0,2.24,-6.5,0,4.479710193142164,-4.889847110359171,1.6391619998288864,4.398584759605221,Optimal
8.0,1.72,-5.0,0,7.57408627543478,-4.765218054076264,2.1637268434229155,3.5518905776268057,Optimal
8.0,2.0,-5.0,1,6.683636373849061,-5.291024930276336,2.0004424055208316,5.998504273325477,Optimal
1.0,0.0,-6.0,1,5.872239584877009,-5.073775773158665,1.6096482261075795,5.776870329513471,Optimal
5.0,0.0,-3.0,1,4.186100230275053,-4.3641743566623585,0.9831652683999704,6.324269649556084,Optimal
7.0,2.58,-5.0,0,5.9948857758987915,-4.639338546017724,2.340461723011328,4.448734584979771,Optimal
4.0,2.0,-4.5,1,3.1073344162102856,-5.288249771853967,1.4154250307418146,5.4072020609790945,Optimal
5.0,1.75,-4.0,1,4.404797034834351,-5.720667027298617,1.6871681432715753,5.770144845541591,Optimal
2.0,2.0,-7.0,1,1.8958219244006569,-6.209126983965405,1.389841956498005,5.999999999870429,Optimal
3.0,2.0,-5.5,1,3.2627775146059697,-5.629175984290951,1.8891454319851333,5.999909294624891,Optimal
3.0,2.64,-4.0,1,4.0279042677099,-5.21008616912188,2.3584007036837713,5.346247617019364,Optimal
6.0,2.12,-5.0,1,5.030657554179017,-5.267432182451912,1.6919569571592032,5.925459157916471,Optimal
7.0,2.15,-5.0,0,5.994996723354241,-3.4849208691381732,1.7042930339597104,5.660996287277314,Optimal
3.0,1.33,-9.0,1,5.310498682871166,-5.378307483475675,1.9736592409736715,6.000054757020847,Optimal
4.0,2.0,-5.0,0,4.3506780692390254,-4.978480267526859,2.315359650744521,3.577170305489326,Optimal
4.0,1.75,-5.5,0,5.170464933170292,-4.644734486526242,2.017408228145793,3.890634125065344,Optimal
6.0,2.0,-7.5,1,5.084966122421527,-6.804580959734608,1.998706493948851,6.000006406058079,Optimal
6.0,1.8,-3.5,1,5.908742560626435,-4.624125552256189,1.6640344472196995,5.840621663938194,Optimal
7.0,2.22,-6.0,1,6.311883014914713,-5.626256519995001,1.8780309560993604,6.056449583354996,Optimal
3.0,2.0,-5.5,1,3.6812527815890976,-5.544549069358993,2.642598908505528,4.766933345673872,Optimal
1.0,2.06,-6.0,1,4.987147846006086,-5.413363211616008,2.12921011130603,5.936868886892436,Optimal
1.0,0.0,-8.0,1,3.406149165438034,-5.979697570831699,1.635755675488004,6.000000065445397,Optimal
4.0,2.0,-5.0,1,3.544558375617493,-5.453188659109166,1.7017474646641912,5.411837786213823,Optimal
5.0,2.0,-6.0,1,4.018838651627311,-6.631282079086135,1.697623667015428,6.000000003906377,Optimal
1.0,2.0,-4.0,1,4.839564043535554,-4.19158027171496,2.02148447445634,6.007503771848887,Optimal
6.0,1.68,-5.0,0,5.894111269013772,-4.223679593591434,1.9701201271657536,4.185642885128074,Optimal
1.0,0.0,-4.5,1,3.2822382367809713,-5.431861843867407,1.412396240973747,5.996972435103125,Optimal
5.0,2.44,-5.0,1,3.7011422821093705,-5.7564322084435435,1.5669216410620266,4.898716555918204,Optimal
7.0,2.28,-5.0,0,6.282140516681601,-3.9178006208129807,1.8687807385426505,5.757854490912368,Optimal
5.0,2.0,-4.5,0,4.550093393163902,-4.754091189376046,1.959995574669662,4.050804511189996,Optimal
4.0,2.0,-7.0,1,3.674684554012495,-5.895134756506547,1.7869624747601367,5.2941698472955885,Optimal
1.0,0.0,-5.5,0,1.706069172966246,-4.349476029011859,0.5985988884336877,5.50553443548039,Optimal
5.0,2.81,-6.0,1,5.108074418639158,-5.9326632213805315,2.05746095275834,5.999999936174193,Optimal
3.0,2.0,-5.5,1,3.3678885204483575,-5.680846378007332,1.8448036047791867,5.999873012474847,Optimal
1.0,0.0,-4.0,0,4.66175040274134,-4.927640880382555,1.4536362933141689,4.5319945869942755,Optimal
4.0,2.0,-4.5,1,3.4813702166531235,-5.699785572325993,1.7521424248007036,5.512838744142245,Optimal
6.0,3.29,-4.0,1,5.1510637302609386,-4.92271510883498,2.564568223645943,5.9553195285886105,Optimal
1.0,2.0,-4.0,1,2.141144815806085,-5.308081784664047,1.8411708549817796,5.999999999966272,Optimal
5.0,2.0,-6.0,1,4.978592756216173,-5.749435224054155,1.9493165393676135,5.999317030612717,Optimal
4.0,3.61,-5.0,1,3.909357632680485,-5.7022426463210785,2.39849140493917,4.920465100529105,Optimal
4.0,2.64,-6.0,1,4.211637148083106,-5.7611154377905445,2.056939684030718,5.961279793402336,Optimal
5.0,2.0,-5.5,1,6.201983043960761,-4.6924348293979055,1.9963355018731064,6.007721959393865,Optimal
4.0,2.0,-5.5,0,4.061583262655747,-5.201826405953308,1.994686999925316,3.728291957325126,Optimal
5.0,2.02,-4.5,1,4.686520531096211,-4.594156792903325,1.943417653377499,6.002217421244139,Risk/Caution
7.0,2.19,-5.0,1,6.054583010631027,-5.012895815899499,1.982017026643939,6.000412294959716,Risk/Caution
8.0,2.48,-2.0,1,6.6104164361650195,-4.152068439928214,2.124297876174242,6.000294496399797,Risk/Caution
5.0,2.32,-4.0,1,5.528577418427485,-3.5014826676123225,2.107572112308397,6.00010732376086,Risk/Caution
8.0,2.32,-3.0,1,6.423723817791411,-4.213422185446773,2.075948592333506,6.000027937255535,Risk/Caution
5.0,2.12,-4.0,1,6.016945584136723,-4.152444418176266,2.0885347088096475,6.000019955182525,Risk/Caution
5.0,2.3,-5.0,1,5.726389702954801,-4.394603155840191,2.1489533634354627,6.000014253701804,Risk/Caution
5.0,2.33,-3.5,1,5.518849787824857,-4.139002254171565,2.2006809738824735,6.000010181215575,Risk/Caution
7.0,2.57,-2.5,1,5.942035562732041,-3.6707158958368327,2.3062006956303382,6.000007272296839,Risk/Caution
7.0,2.13,-3.5,1,5.273336575339665,-3.2852463177247935,2.0845920902442927,6.000002650253951,Risk/Caution
5.0,1.86,-5.0,1,5.099612454569849,-4.200162652232068,2.0762507617508357,6.000000965835989,Risk/Caution
4.0,2.97,-2.0,1,3.8680491802260537,-3.838121404534104,3.2988835108157053,6.00000000010951,Risk/Caution
7.0,2.97,-2.0,1,4.762892271590038,-3.3129438603815027,3.2049167934397893,6.000000000078222,Risk/Caution
5.0,3.62,-3.5999999999999996,1,4.830637336850027,-3.394959900272502,3.323511995314135,6.000000000055873,Risk/Caution
8.0,1.51,-4.0,1,5.275785878767895,-4.260124540473113,1.1336894774285504,6.517335463968632,Risk/Caution
8.0,1.51,-3.0,1,4.558231005381886,-4.742027893758423,0.8445807133485971,6.188533332350085,Risk/Caution
8.0,1.92,-6.0,1,5.835832145603003,-5.154095864162461,1.3590717925247944,6.09619047568882,Risk/Caution
5.0,1.58,-6.0,1,4.610118441634185,-5.364334624572684,1.1448325472065275,6.049076773310623,Risk/Caution
7.0,2.2,-5.0,1,5.292941744024418,-5.260239017551917,1.4463089622903769,6.0350548380790165,Risk/Caution
6.0,2.25,-5.0,1,5.49495838858887,-5.185885012537083,1.675934973064555,6.0250391700564405,Risk/Caution
6.0,2.02,-6.0,1,5.778998620035884,-5.788852908256898,1.9524013056334184,6.005355061848149,Risk/Caution
8.0,2.26,-3.0,1,6.413570442882774,-4.992037791612069,2.0402866468810132,6.003825044177249,Risk/Caution
6.0,1.98,-6.0,1,6.295407459201981,-5.280026994008621,2.023061890629295,5.7170178886980345,Risk/Caution
7.0,1.7,-4.5,1,6.844595642449991,-5.000013772453378,1.9117662707292324,5.855621371784712,Risk/Caution
6.0,1.91,-3.0,1,6.226834511454077,-4.734700904312947,2.0660031993516492,5.926337434584037,Risk/Caution
7.0,1.97,-4.5,1,6.447738936752912,-4.667643503080677,2.0385737138226068,5.947383881845742,Risk/Caution
8.0,2.06,-4.5,1,6.891242097680651,-4.619745359343341,2.04469550987329,5.962417058461244,Risk/Caution
5.0,1.85,-7.0,1,6.682640063976441,-4.44937848800785,2.256016747090738,5.993012037109025,Risk/Caution
6.0,2.1,-5.0,1,6.487600045697458,-4.606698920005607,2.2114405336362415,5.995008597935018,Risk/Caution
5.0,2.25,-4.5,1,6.371224513110947,-4.452397408166126,2.2772655783858373,5.997453366293377,Risk/Caution
5.0,1.63,-4.0,1,5.979446080793533,-4.323141005832947,2.092332555989884,5.998180975923841,Risk/Caution
6.0,1.81,-3.5,1,5.878031570385656,-3.5893224192609714,1.8399282996641724,5.999526493108039,Risk/Caution
8.0,2.37,-3.5,1,6.484308264561183,-3.563801728043551,1.9913773569029805,5.999661780791457,Risk/Caution
6.0,2.05,-7.5,1,6.322269775714718,-5.088849026254938,1.9624553049937976,5.999876742270939,Risk/Caution
9.0,2.16,-3.8,1,7.349195589263514,-4.769817010166322,2.0794646254148783,5.142825057858949,Risk/Caution
7.0,2.09,-4.8,1,7.249425420902511,-4.778440721547373,2.0824747324391986,5.387732184184964,Risk/Caution
9.0,2.28,-5.5,1,7.749589586358936,-4.984600515390981,2.138910523170856,5.562665845846403,Risk/Caution
8.0,2.54,-4.0,1,7.8211354188278115,-4.70328608242213,2.2535075165506115,5.687618461318859,Risk/Caution
6.0,2.0,-5.0,1,4.777370478733015,-5.467607323239404,1.8688241843399809,5.767312649769352,Risk/Caution
6.0,2.5,-6.0,1,5.126693199095011,-5.619719516599575,2.0491601316714148,5.833794749835252,Risk/Caution
5.0,2.0,-6.5,1,4.492235130865529,-5.975116441909465,2.017915499880253,5.939429573555121,Risk/Caution
6.0,2.08,-6.0,1,4.5199396177893085,-5.405257060238931,1.5886801169613272,5.997013012633897,Risk/Caution
5.0,1.46,-4.5,1,4.657099726992364,-5.146612185884951,1.5519143692580908,5.997866437595642,Risk/Caution
5.0,2.15,-5.0,1,4.755071233565975,-5.104722989917822,1.7227959780414932,5.99847602685403,Risk/Caution
5.0,2.24,-4.0,1,3.138549271428195,-5.088073977717213,1.496591743403324,6.074090413751345,Risk/Caution
5.0,2.0,-4.5,1,3.670392336734425,-4.92005284122658,1.6404226738595171,6.052921724108104,Risk/Caution
6.0,2.05,-3.0,1,5.096803477854173,-3.9326569363261177,2.0934563488909967,6.009839970716834,Risk/Caution
5.0,3.0,-5.0,1,4.8139174670253055,-4.68998351437015,2.4003243345203997,5.872121729546625,Risk/Caution
6.0,2.17,-4.0,1,5.152798190732361,-4.49284536740725,2.3345173818002856,5.90865837824759,Risk/Caution
6.0,2.15,-5.0,1,5.394855850523115,-4.637746691005178,2.281798129857347,5.934755984462564,Risk/Caution
5.0,1.78,-5.5,1,5.102784217649707,-5.22556921361026,1.926740454460992,5.493220529066681,Risk/Caution
5.0,2.25,-6.0,1,5.073417298321219,-5.446835152578758,2.0191003246149943,5.352300377904772,Risk/Caution
5.0,2.3,-5.0,1,5.052440927372299,-5.319167966127684,2.099357374724996,5.251643127074837,Risk/Caution
6.0,2.3,-6.0,1,5.323172090980213,-5.513691404376917,2.156683839089282,5.465459376482027,Risk/Caution
5.0,2.06,-6.0,1,5.23083720784301,-5.652636717412084,2.129059885063773,5.618185268915734,Risk/Caution
7.0,2.29,-4.0,1,5.180601313411639,-4.900487281603663,2.2562558541574513,5.929007494815355,Risk/Caution
6.0,2.92,-4.0,1,5.393616950186384,-4.659082220596415,2.666120159747102,5.968085377563294,Risk/Caution
5.0,2.68,-6.0,1,5.20082497458489,-5.111776643161436,2.411693959054644,5.983717029369028,Risk/Caution
6.0,1.41,-7.0,1,2.7839641634110075,-6.381462903021731,0.5326470424580484,5.999992907671892,Risk/Caution
7.0,2.42,-3.5,0,5.282560837746177,-3.895222228833224,1.8002879752484082,5.231748676146843,Risk/Caution
6.0,2.28,-3.0,0,5.487543455532983,-3.639444449166589,1.9373485537488628,4.879820482962031,Risk/Caution
5.0,2.07,-4.0,0,5.348245325380702,-3.7424603208332776,1.9752489669634736,4.914157487830022,Risk/Caution
4.0,1.47,-2.5,0,4.96303237527193,-3.3874716577380557,1.830892119259624,5.224398205592873,Risk/Caution
6.0,2.15,-2.0,0,4.655516549164913,-2.902611322818111,1.7042930339597104,4.646084497499185,Risk/Caution
6.0,2.28,-3.0,0,5.039654677974938,-2.9304366591557938,1.8687807385426505,4.747203212499418,Risk/Caution
5.0,1.69,-1.5,0,5.028324769982099,-2.521740470825567,1.8177005275304643,4.533716580356727,Risk/Caution
6.0,2.3,-3.5,0,4.91407870938726,-4.492747935970836,1.827972857020633,4.2847033997180155,Risk/Caution
5.0,2.31,-5.0,0,4.752080974177174,-4.741197926515733,2.1538637025615475,4.43097112230511,Risk/Caution
7.0,2.69,-4.5,0,5.166293510539982,-3.42658431097424,2.201918251345308,3.8531557751108583,Risk/Caution
5.0,3.0,-5.0,0,5.084843627826521,-4.299277709680735,2.5132235976251573,3.925079477097377,Risk/Caution
5.0,1.79,-2.5,0,3.61850365155834,-2.653914439213019,2.307207308836203,4.230393449889988,Risk/Caution
5.0,3.23,-5.0,0,4.880369329121677,-4.359280628735942,2.4560839715046785,4.042715688080695,Risk/Caution
5.0,1.9,-4.5,0,4.914549520801199,-4.399486163382815,2.297202836789056,4.030511205771925,Risk/Caution
6.0,2.86,-5.0,0,5.6976913021757625,-4.316594200629098,2.290250812006484,3.8143710368313934,Risk/Caution
6.0,1.75,-3.0,0,4.797409468813982,-3.406605958272741,1.5394084857295969,4.038245522278052,Risk/Caution
6.0,2.76,-5.5,0,4.435156404142218,-4.8620539464328925,1.7906847261055712,5.184232665991395,Risk/Caution
5.0,2.73,-3.5,0,4.596540288673012,-4.472895676023494,2.0590605186468367,5.131594761422425,Risk/Caution
5.0,2.24,-2.0,0,4.181908310547455,-3.710661059195661,2.174214550330019,4.78142589868491,Risk/Caution
6.0,2.47,-2.0999999999999996,0,4.701363078962468,-3.250472185139758,2.258724678807156,4.558161356203508,Risk/Caution
6.0,2.08,-3.5,0,5.803561817722426,-3.360077099422053,2.2051157535420542,3.89539810396801,Risk/Caution
6.0,2.31,-4.0,0,5.899776437613483,-3.7755495405214554,2.2850590579296197,4.23234597141225,Risk/Caution
5.0,2.3,-2.8,0,4.642743080415043,-3.6446681329191097,1.822989315270214,4.322625495618494,Risk/Caution
5.0,2.38,-4.5,0,5.506753196692795,-3.558482958381692,2.164909755120318,3.979858781658292,Risk/Caution
5.0,2.23,-5.0,0,5.361966569066283,-3.9703449702726368,2.1835069679430843,4.271327701184495,Risk/Caution
5.0,1.8,-4.0,0,5.592840086258308,-4.495073964424814,2.244646412215859,4.6282284189716805,Risk/Caution
5.0,1.72,-2.8,0,5.710632697070565,-4.113813247155517,2.1631869450080914,4.32052470355698,Risk/Caution
6.0,2.75,-2.7,0,5.793309069336118,-3.7098666051110833,2.3308478178629226,3.943231931112128,Risk/Caution
6.0,2.64,-3.0,0,6.098627076191897,-3.9744217373015736,2.519003988705573,3.766955066893943,Risk/Caution
6.0,2.33,-4.0,0,5.029911773567294,-3.9869498659701903,1.9509204024008029,3.3913036055581345,Risk/Caution
6.0,2.44,-3.0,0,5.307079838262353,-3.704964189978708,2.0906574302862877,3.2795025753986677,Risk/Caution
6.0,2.76,-4.0,0,5.505057027330252,-3.789260135699077,2.2818981644902054,3.48535898242762,Risk/Caution
5.0,2.0,-3.5,0,4.979977050776331,-3.6783017987241537,2.171245686767568,4.302244527123769,Risk/Caution
6.0,2.0,-3.5,0,4.695326913548226,-3.885678498077316,1.9166347254983849,3.9060657897681375,Risk/Caution
5.0,2.0,-4.0,0,4.782376366820161,-3.91834178434094,1.940453375355989,3.93290413554867,Risk/Caution
5.0,2.0,-4.0,0,4.844554547728686,-3.941672703100671,1.9574666966828491,3.952074382534764,Risk/Caution
5.0,2.0,-4.0,0,4.888967534091918,-3.958337645071908,1.9696190690591784,3.96576741609626,Risk/Caution
5.0,2.0,-4.5,0,4.778196741371129,-4.621321601073669,1.799558156918312,3.694065821612525,Risk/Caution
5.0,2.0,-4.0,0,4.359537535283062,-4.202862206446876,1.9066114107086616,3.415696438817984,Risk/Caution
7.0,2.44,-6.0,0,4.380426546415337,-5.891757140659441,1.5594103124045118,3.5813623986225505,Risk/Caution
7.0,2.08,-6.0,0,6.126450563837877,-5.298697232535577,2.0350908106398364,3.9447924217919863,Risk/Caution
7.0,2.76,-4.5,0,5.558595576924413,-3.632733308704546,2.315155603665195,4.118976486680422,Risk/Caution
7.0,2.45,-4.1,0,6.264589580063476,-3.7391496472982375,2.305691634523059,3.856620656469603,Risk/Caution
6.0,2.31,-5.0,0,6.188992557188198,-4.099392605213026,2.306922596087899,3.8975861831925736,Risk/Caution
6.0,2.18,-3.0,0,5.340011864864503,-4.100361736593669,1.9329601297696424,3.8169045857115793,Risk/Caution
7.0,2.42,-5.0,0,5.8142941891889315,-4.35740124042405,2.0721143784068876,3.869217561222557,Risk/Caution
6.0,2.38,-5.0,0,6.109333769994353,-4.529286347155127,2.167813458370861,3.6475599802155902,Risk/Caution
8.0,3.02,-5.0,0,6.831292739793037,-4.555758340385269,2.42398645835248,3.3303877450079544,Risk/Caution
3.0,1.9,-5.6,1,4.224489795918367,-5.783673469387756,2.2887755102040814,4.714285714285714,Risk/Caution
4.0,2.79,-5.0,1,3.255580480679769,-6.162800866835168,2.4413973352866427,5.202853159981819,Risk/Caution
4.0,2.0,-7.0,1,3.4682717719141203,-6.4020006191679775,2.3152838109190306,5.430609399987014,Risk/Caution
4.0,2.91,-3.0,1,3.6201941227958,-5.430000442262841,2.485202722085022,5.307578142847866,Risk/Caution
5.0,2.35,-6.0,1,3.243510977695262,-5.55903806204914,2.1121001173779237,5.397805445644266,Risk/Caution
4.0,1.87,-8.0,1,3.614036213109827,-6.142366358188337,2.0608674068254715,5.202961962063402,Risk/Caution
5.0,1.94,-7.0,1,4.01002586650702,-6.387404541563098,2.026333862018194,5.144972830045287,Risk/Caution
1.0,0.0,-4.0,1,1.7138768356004008,-5.019844719473806,0.4230894233454372,5.195343779677913,Risk/Caution
4.0,1.41,-7.0,1,2.7926584849022285,-6.17217948757648,0.7628866678845889,5.196622183381381,Risk/Caution
1.0,0.0,-6.0,1,2.280470346358735,-6.122985348268915,0.5449190484889921,5.140444416700986,Risk/Caution
4.0,1.41,-7.0,1,2.5104440542646604,-6.552543545035161,0.6808770655556082,4.990022661582136,Risk/Caution
5.0,1.89,-6.0,1,4.322573717969886,-5.765463632814703,1.8334845630692516,4.963089123876896,Risk/Caution
6.0,2.36,-5.5,1,4.455748439493399,-5.485956134407691,1.8179754238590569,5.132321109284583,Risk/Caution
6.0,2.86,-5.0,1,4.908797846478501,-5.404144326057917,2.2346524728164847,5.629297339719844,Risk/Caution
1.0,0.0,-7.0,1,2.976879874496171,-6.2322116104625245,1.319878813653131,6.007229513926321,Risk/Caution
5.0,2.0,-5.0,1,3.9152644404665167,-5.49984683737571,1.8229588748576455,5.366313388673031,Risk/Caution
5.0,2.0,-4.0,1,3.5056394316083184,-4.756936390403924,1.545751477212007,5.053705067855329,Risk/Caution
5.0,2.0,-4.0,1,3.9325995940059415,-4.540668850288517,1.6755367694371477,5.324075048468092,Risk/Caution
8.0,2.28,-4.5,0,6.233431648377801,-3.915677141327168,1.9373485537488628,5.191459340920874,Risk/Caution
7.0,2.07,-2.0,0,6.452451177412715,-3.368340815233691,1.9752489669634736,5.136756672086339,Risk/Caution
6.0,1.98,-2.0,1,5.489795918367347,-4.755102040816327,1.6021574344023324,4.839650145772595,Risk/Caution
6.0,1.42,-5.0,1,5.635568513119534,-4.825072886297376,1.5501124531445232,4.885464389837567,Risk/Caution
8.0,2.42,-5.0,1,6.311120366513952,-4.875052061640983,1.798651752246088,4.918188849883977,Risk/Caution
6.0,2.33,-5.0,1,6.222228833224252,-4.910751472600702,1.9504655373186344,4.94156346420284,Risk/Caution
7.0,2.07,-4.0,1,6.444449166588751,-4.650536766143359,1.9846182409418816,4.958259617287743,Risk/Caution
6.0,1.86,-5.0,1,6.317463690420537,-4.7503834043881135,1.9490130292442012,4.970185440919816,Risk/Caution
6.0,2.08,-5.0,1,5.141563107357417,-5.0767262267286295,1.5886801169613272,4.984788490265212,Risk/Caution
5.0,1.46,-5.0,1,5.101116505255298,-5.054804447663306,1.5519143692580908,4.9891346359037225,Risk/Caution
8.0,2.15,-5.0,1,5.929368932325213,-5.039146034045219,1.7227959780414932,5.277953311359802,Risk/Caution
8.0,2.33,-4.0,1,6.520977808803724,-4.742247167175156,1.8962828414582096,5.198538079542716,Risk/Caution
6.0,1.69,-4.0,1,6.372127006288374,-4.530176547982254,1.837344886755864,5.1418129139590825,Risk/Caution
6.0,2.49,-5.0,1,6.265805004491696,-4.664411819987324,2.0238177762541887,5.387009224256487,Risk/Caution
7.0,2.69,-5.0,1,4.90134449304761,-5.120890207202031,2.0300816785334725,5.840433471536987,Risk/Caution
5.0,2.75,-4.0,1,4.929531780748293,-4.800635862287165,2.235772627523909,5.8860239082407055,Risk/Caution
7.0,2.21,-4.0,1,5.5354753983409655,-4.40848768484039,2.1435574630224026,5.941848932775871,Risk/Caution
7.0,2.69,-5.0,1,5.977372812979219,-4.550314370272904,2.0971526090749695,5.8390902053248315,Risk/Caution
7.0,2.34,-5.0,1,6.269552009270871,-4.67879597876636,2.166537577910693,5.88506443237488,Risk/Caution
6.0,3.0,-6.0,1,6.192537149479194,-5.056282841975971,2.4046696985076377,5.917903165982057,Risk/Caution
7.0,2.17,-5.0,1,6.4232408210565675,-5.0402020299828365,2.337621213219742,5.655645118558612,Risk/Caution
7.0,2.15,-5.5,1,6.588029157897548,-5.171572878559169,2.284015152299815,5.46831794182758,Risk/Caution
5.0,1.96,-5.0,1,6.134306541355391,-5.122552056113692,2.191439394499868,5.334512815591129,Risk/Caution
6.0,1.79,-5.0,1,6.09593324382528,-5.087537182938352,2.0767424246427626,5.524652011136521,Risk/Caution
7.0,1.76,-5.0,1,6.354238031303772,-5.06252655924168,1.9862445890305445,5.660465722240372,Risk/Caution
6.0,1.78,-6.0,1,6.25302716521698,-5.330376113744057,1.9273175635932465,5.7574755158859805,Risk/Caution
6.0,2.25,-4.0,1,6.1807336894407,-4.9502686526743265,2.0195125454237473,5.8267682256328435,Risk/Caution
7.0,2.3,-5.0,1,6.582006984408521,-5.178708496262411,2.1568941558284425,5.911616441649411,Risk/Caution
6.0,2.13,-5.0,1,5.276534175718632,-5.295259436868577,2.1294357937900217,5.954906347780312,Risk/Caution
7.0,3.23,-5.0,1,5.768952982656166,-5.2108995977632695,2.4438827098500155,5.967790248414509,Risk/Caution
5.0,1.53,-5.0,1,4.1336704005654425,-5.067414756446281,1.868158911909563,5.203917371265186,Risk/Caution
6.0,3.29,-4.0,1,4.666907428975316,-4.7624391117473435,2.274399222792545,5.431369550903704,Risk/Caution
4.0,1.4,-4.0,1,5.234295710267972,-4.423629413902093,2.304372894603697,5.79277315995033,Risk/Caution
5.0,2.68,-5.0,1,5.167354078762838,-4.58830672421578,2.4116949247169264,5.85198082853595,Risk/Caution
4.0,1.5,-4.0,1,4.799670448348386,-4.504238124599888,2.228415777916799,5.434684096191811,Risk/Caution
5.0,1.5,-5.0,1,4.85690746310599,-4.645884374714205,2.020296984226285,5.310488640137008,Risk/Caution
6.0,1.94,-4.0,1,4.198617745250968,-4.441924226766989,1.8689661652758265,5.804302501526922,Risk/Caution
6.0,1.94,-4.0,1,4.713298389464978,-4.315660161976421,1.8892615466255904,5.86021607251923,Risk/Caution
7.0,1.41,-5.0,1,3.8194330880459506,-5.23876836646067,1.0568161373008138,5.995167444150818,Risk/Caution
1.0,0.0,-5.0,1,3.013880777175679,-5.170548833186192,0.7548686695005813,5.996548174393442,Risk/Caution
6.0,1.41,-5.0,1,3.4560616210079997,-5.291096343462343,0.7879942191329496,5.99823886448645,Risk/Caution
4.0,1.16,-6.0,1,4.1306436841877545,-5.638314460950175,1.051833785271913,5.999101461472679,Risk/Caution
5.0,1.54,-5.0,1,3.7401243286672217,-5.733833908648048,0.9766498904448536,5.795459929322796,Risk/Caution
7.0,2.33,-5.0,1,4.763082453711739,-5.273696424003517,1.6009383999269062,5.9805964072044135,Risk/Caution
7.0,2.03,-5.5,1,5.4022017526512425,-5.3383545885739405,1.7235274285192186,5.986140290860296,Risk/Caution
7.0,1.85,-5.0,1,5.85871553760803,-5.241681848981386,1.759662448942299,5.990100207757354,Risk/Caution
7.0,2.81,-5.0,1,6.184796812577164,-5.172629892129562,2.0597588921016423,6.278643005540967,Risk/Caution
6.0,1.68,-5.0,1,6.131997723269404,-5.12330706580683,1.9512563515011732,6.199030718243549,Risk/Caution
6.0,2.51,-5.0,1,6.094284088049574,-5.088076475576306,2.1108973939294096,6.142164798745392,Risk/Caution
7.0,2.08,-5.0,1,6.333818412270191,-5.04493697733485,2.042702752004801,6.072533060584384,Risk/Caution
6.0,2.18,-4.0,1,6.238441723050137,-4.746383555239179,2.0819305371462864,6.0518093289888455,Risk/Caution
7.0,2.76,-5.0,1,6.456029802178669,-4.818845396599413,2.2756646693902045,6.037006663563461,Risk/Caution
6.0,1.93,-4.5,1,6.325735572984764,-4.727746711856724,2.1769033352787175,6.026433331116758,Risk/Caution
7.0,2.44,-5.0,1,6.518382552131975,-4.805533365611945,2.2520738109133696,6.018880950797684,Risk/Caution
5.0,2.85,-4.0,1,3.4404501487904215,-4.29710931206802,1.2476034238377438,6.001791132073334,Risk/Caution
7.0,2.64,-5.0,1,4.457464391993158,-4.497935222905729,1.6454310170269597,6.001279380052382,Risk/Caution
6.0,1.85,-4.0,1,5.008910404078142,-4.152007766788637,1.9558321515443673,6.000652744924685,Risk/Caution
6.0,2.61,-5.0,1,5.872371652161374,-4.255191472890941,2.3666154279411766,6.0000225664449465,Risk/Caution
6.0,2.3,-5.0,1,5.196265007330637,-4.7040794129766095,1.8358744866569077,6.000005874230776,Risk/Caution
6.0,2.11,-5.0,1,5.425903576664741,-4.788628152126149,1.9141960618977911,6.000004195879126,Risk/Caution
6.0,2.42,-4.0,1,5.589931126189101,-4.56330582294725,2.0587114727841365,6.0000029970565185,Risk/Caution
6.0,2.11,-4.0,1,5.707093661563643,-4.402361302105178,2.0733653377029544,6.000002140754656,Risk/Caution
6.0,2.38,-4.0,1,5.7907811868311745,-4.287400930075128,2.160975241216396,6.000001529110469,Risk/Caution
6.0,2.23,-5.0,1,5.850557990593696,-4.491000664339377,2.180696600868854,6.000001092221764,Risk/Caution
8.0,3.02,-6.0,1,6.464684278995497,-4.922143331670983,2.4204975720491815,5.714286494444117,Risk/Caution
7.0,1.8,-5.5,1,6.6176316278539264,-5.087245236907846,2.243212551463701,6.367347496031512,Risk/Caution
8.0,2.58,-6.0,1,7.012594019895662,-5.348032312077033,2.3394375367597866,6.833819640022509,Risk/Caution
6.0,1.72,-6.0,1,6.723281442782616,-5.534308794340737,2.162455383399847,6.595585457158935,Risk/Caution
1.0,2.82,-4.0,1,5.144531348358478,-5.3950555073167035,2.4702323384693097,6.303870131203539,Risk/Caution
6.0,2.64,-4.0,1,5.388950963113198,-4.9964682195119305,2.518737384620936,6.217050093716813,Risk/Caution
6.0,2.0,-5.0,1,5.77576373546156,-4.725696265585851,2.4589533979081972,6.020590349953344,Risk/Caution
6.0,2.0,-5.0,1,5.171117173953967,-4.422557336939256,2.0153460531831,6.005359837034919,Risk/Caution
6.0,2.0,-6.5,1,4.975759042594198,-5.546042273382664,1.8973325137909371,6.000508458293439,Risk/Caution
6.0,2.0,-5.5,1,5.477428082956224,-5.4214501394809504,1.947618629485172,6.000259417496653,Risk/Caution
6.0,2.0,-7.5,1,4.718952571390138,-6.52641334362845,1.9981890915283913,6.00000896848131,Risk/Caution
6.0,2.0,-8.0,1,6.0825557009650435,-7.486749377350026,1.999828209062132,6.000000850790551,Risk/Caution
5.0,2.0,-7.5,1,5.756405969880124,-7.4932394782398095,1.9999123515623125,6.000000434076812,Risk/Caution
6.0,2.0,-7.5,1,5.875717331571492,-7.496550754203984,1.999955281409343,6.0000002214677615,Risk/Caution
7.0,2.0,-7.5,1,5.216294599013819,-7.426215835642436,1.7084431698795668,6.000000057649876,Risk/Caution
6.0,2.0,-6.0,1,5.440210427867014,-7.018725596887455,1.7917451213425477,6.000000041178483,Risk/Caution
3.0,2.0,-7.0,1,3.4769237571895295,-7.237312875008824,1.4073423873502389,6.0000000076564985,Risk/Caution
7.0,2.0,-4.0,1,4.596659163543054,-5.909568143254264,1.5641728344237185,6.000000000518808,Risk/Caution
1.0,0.0,-7.5,1,3.552481697273281,-7.204283955951068,1.3475361520541511,6.000000000096465,Risk/Caution
5.0,2.0,-7.0,1,3.9660583551952007,-7.14591711139362,1.5339543943243938,6.000000000068904,Risk/Caution
7.0,2.0,-7.5,1,4.832898825139429,-7.247083650995442,1.6671102816602814,6.0000000000492175,Risk/Caution
6.0,2.0,-6.0,1,5.404540216907872,-6.942389617854818,1.8301583069695313,6.0000000000251115,Risk/Caution
6.0,2.0,-5.0,1,4.569595298258886,-6.651690816671405,1.6768753917581831,6.000000000004669,Risk/Caution
6.0,2.0,-5.0,1,5.128861260298428,-6.024668664967713,1.8822432185707665,6.000000000001702,Risk/Caution
4.0,1.87,-5.5,1,4.9624733099619665,-4.976290134362183,2.1565135735390824,6.000000179582167,Low/Minimal
2.0,2.33,-4.5,1,4.116052364258548,-4.84020723883013,2.2060811239564875,6.000000128272976,Low/Minimal
5.0,2.43,-6.0,1,4.376698099463329,-5.609340813750919,2.2754193378494465,6.000000002262554,Low/Minimal
6.0,2.69,-6.0,1,4.840498642473807,-5.720957724107799,2.3938709556067472,6.00000000161611,Low/Minimal
1.0,0.0,-7.0,1,3.5666517024745032,-5.568857091975766,1.9691387731194572,6.000000000028507,Low/Minimal
6.0,2.18,-6.0,1,6.230192696939084,-5.349177875896385,2.024610932138427,5.999911958764957,Low/Minimal
8.0,3.12,-3.5,1,6.956349374511269,-3.174198708414105,2.466375920738039,5.992286047375624,Low/Minimal
4.0,2.0,-5.0,1,4.807146431100752,-4.876360292956495,2.0560749865604695,6.203708275353937,Low/Minimal
2.0,2.0,-7.0,1,4.005104593643394,-5.483114494968925,2.040053561828907,6.145505910967098,Low/Minimal
7.0,2.0,-4.5,1,6.047057493778551,-4.694001372149574,2.001699545048825,5.994254016407151,Low/Minimal
5.0,2.0,-8.0,1,5.747898209841821,-5.638572408678267,2.001213960749161,5.9958957260051085,Low/Minimal
6.0,2.0,-4.0,1,5.8199272927441585,-5.170408863341619,2.0008671148208292,5.997068375717935,Low/Minimal
7.0,2.0,-6.0,1,6.157090923388685,-5.40743490238687,2.000619367729164,5.997905982655668,Low/Minimal
6.0,2.0,-6.0,1,6.488311695606472,-5.493589235911669,2.000316003943451,5.998931623803912,Low/Minimal
7.0,2.0,-5.0,1,6.738934538574731,-5.0477496101590145,2.0001612265017608,5.713740624389752,Low/Minimal
6.0,2.0,-4.0,1,6.58108905029323,-5.146811025591335,2.0000822584192655,5.853949298158037,Low/Minimal
5.0,2.0,-5.0,1,6.129349321638022,-5.104865018279525,2.000058756013761,5.895678070112884,Low/Minimal
1.0,0.0,-8.0,1,5.37372622300939,-6.4787709396158455,1.4285823533374784,5.980602961212755,Low/Minimal
6.0,2.0,-6.800000000000001,1,5.476390930106832,-5.86059741817135,1.7084603843558563,5.990103551639161,Low/Minimal
1.0,1.0,-6.0,1,5.008545792288167,-4.65074417557747,1.709143370012237,6.6129033249377995,Low/Minimal
6.0,2.0,-5.0,1,5.291818423062977,-4.750531553983907,1.7922452642944549,6.437788089241286,Low/Minimal
8.0,2.0,-6.0,1,6.065584587902126,-5.107522538559934,1.8516037602103248,6.31270577802949,Low/Minimal
7.0,2.0,-2.5,1,6.222151817748589,-4.106239992186565,1.9459197376859785,6.113959831643401,Low/Minimal
5.0,2.0,-3.0,1,6.494953286351526,-4.190320696860994,1.9802914495940156,6.041530550890453,Low/Minimal
5.0,2.0,-8.0,1,5.858559317114828,-5.637453449569932,1.9973825013379332,6.005515685281332,Low/Minimal
1.0,0.0,-5.5,1,3.986143795294028,-5.0717766297169025,1.6116113243981796,5.663576782010969,Low/Minimal
1.0,0.0,-6.0,1,3.5280524055799307,-5.256710586517208,1.1679905679801468,5.999712791551178,Low/Minimal
1.0,0.0,-7.0,1,1.8663193475582909,-5.742375725353293,0.4081608100739658,5.999925237284252,Low/Minimal
1.0,0.0,-7.0,1,1.975197664399805,-6.422734205891632,0.3561434845048849,5.99998053865167,Low/Minimal
1.0,0.0,-7.0,1,1.6965697602855752,-6.587667289922594,0.2543882032177749,5.999986099036907,Low/Minimal
1.0,0.0,-6.0,1,3.2711786866441903,-6.021319031255449,1.30048599611644,5.999999754806778,Low/Minimal
1.0,0.0,-6.5,1,3.8337750195045337,-5.578593685110069,1.5224071947513556,5.99999999779344,Low/Minimal
1.0,0.0,-6.0,1,4.152233175557672,-5.4772560822406495,1.6547634739147117,5.999999999998117,Low/Minimal
1.0,0.0,-4.0,1,3.6726353753064873,-5.099221492142618,0.7915536862413696,5.791753436068178,Low/Minimal
1.0,0.0,-7.0,1,2.9090252680760624,-5.642301065816156,0.5653954901724069,5.851252454334413,Low/Minimal
1.0,0.0,-6.0,1,3.294026534345076,-5.829368169850389,1.469242631450513,5.972342709573097,Low/Minimal
2.0,2.0,-5.0,1,2.782688857404719,-5.51571636409073,1.9711436463934648,5.99997638864663,Low/Minimal
2.0,2.0,-6.5,1,2.5590634695747996,-5.796940260064807,1.9793883188524748,5.999983134747593,Low/Minimal
2.0,2.0,-5.5,1,2.3993310496962854,-5.712100185760576,1.9852773706089104,5.999987953391138,Low/Minimal
2.0,2.0,-7.0,1,2.2852364640687752,-6.080071561257554,1.989483836149222,5.999991395279385,Low/Minimal
2.0,2.0,-5.5,1,2.4538033761183584,-5.813437157892695,1.9961675787715825,5.999996864168873,Low/Minimal
2.0,2.0,-6.0,1,2.3111528338623755,-5.829969809727658,1.9986033450333751,5.9999988572044005,Low/Minimal
2.0,2.0,-6.0,1,2.158751445848151,-5.913249902922275,1.9992874209353957,5.999999416941021,Low/Minimal
2.0,2.0,-6.0,1,2.1133938898915363,-5.938035644944483,1.999491014953854,5.999999583529301,Low/Minimal
2.0,2.0,-5.5,1,2.0809956356368113,-5.812882603531773,1.9996364392527528,5.999999702520929,Low/Minimal
2.0,2.0,-5.0,1,2.3793715873311996,-5.3982808321908795,1.9998675070163092,5.999999891589261,Low/Minimal
2.0,2.0,-5.5,1,2.270979705236571,-5.427343451564914,1.9999053621545064,5.999999922563758,Low/Minimal
2.0,2.0,-5.0,1,2.448607764299042,-5.40355082054115,1.999965510989252,5.999999971779796,Low/Minimal
1.0,0.0,-6.0,1,1.9377257615534889,-5.74173298250432,1.1702791696938328,5.999999998087789,Low/Minimal
2.0,2.0,-5.5,1,1.9555184011096347,-5.672666416074515,1.4073422640670237,5.999999998634135,Low/Minimal
2.0,2.0,-5.5,1,1.9682274293640247,-5.623333154338939,1.5766730457621596,5.999999999024382,Low/Minimal
2.0,2.0,-6.0,1,1.922120399202357,-5.806494649674252,1.762221629191293,5.9999999999937295,Low/Minimal
1.0,0.0,-6.0,1,2.0827144893889575,-5.901272780446047,1.307255933260864,5.999999999996801,Low/Minimal
2.0,2.0,-6.0,1,2.0590817781349697,-5.929480557461463,1.5051828094720456,5.999999999997715,Low/Minimal
1.0,0.0,-6.5,1,1.7564869843821214,-6.092486112472473,1.0751305781943183,5.9999999999983675,Low/Minimal
2.0,2.0,-6.0,1,1.8757586655010825,-5.945145975751262,1.5281278460175094,5.999999999999167,Low/Minimal
2.0,2.0,-6.0,1,2.158804178389607,-5.805082352679031,1.8280349293066724,5.999999999999697,Low/Minimal
2.0,2.0,-5.0,1,2.1134315559925767,-5.5750588233421645,1.8771678066476232,5.999999999999784,Low/Minimal
1.0,0.0,-6.0,0,3.619020562470279,-6.233971371284877,1.3082816331610774,4.260807869097743,Low/Minimal
3.0,1.0,-6.0,0,3.442157544621628,-6.167122408060627,1.2202011665436268,4.186291335069816,Low/Minimal
1.0,0.0,-5.0,0,2.7443982461583056,-5.833658862900448,0.8715722618168763,3.8473509536212975,Low/Minimal
1.0,0.0,-5.0,0,2.2459987472559324,-5.5954706163574635,0.622551615583483,3.60525068115807,Low/Minimal
1.0,1.0,-6.0,0,1.889999105182809,-5.711050440255331,0.7303940111310593,3.7180362008271928,Low/Minimal
4.0,1.0,-5.0,0,2.492856503702006,-5.5078931716109505,0.8074242936650423,4.084311572019423,Low/Minimal
4.0,1.0,-5.0,0,2.9234689312157185,-5.362780836864964,0.8624459240464588,4.3459368371567315,Low/Minimal
1.0,0.0,-6.0,0,2.373906379439799,-5.544843454903545,0.6160328028903277,4.247097740826237,Low/Minimal
1.0,0.0,-5.0,0,2.517299173183571,-5.482062987195686,0.6020575524950651,3.840355990217468,Low/Minimal
1.0,0.0,-5.0,0,2.08378512370255,-5.344330705139775,0.4300411089250465,4.171682850155334,Low/Minimal
5.0,2.44,-5.5,0,4.232487815195153,-4.582183123818726,1.5707933667516685,3.6096921747478703,Low/Minimal
3.0,2.0,-5.0,0,4.107209566545644,-4.824350849554319,1.97142541047833,4.036288936564283,Low/Minimal
4.0,2.0,-5.0,0,4.076578261818318,-4.874536321110227,1.9795895789130928,3.7402063832602024,Low/Minimal
3.0,2.0,-3.5,0,3.76898447272737,-4.481811657935877,1.9854211277950664,3.8144331309001447,Low/Minimal
5.0,2.0,-6.0,0,4.120703194805264,-4.9155797556684835,1.989586519853619,3.8674522363572463,Low/Minimal
4.0,2.0,-5.5,0,4.086216567718045,-5.082556968334631,1.992561799895442,3.619608740255176,Low/Minimal
1.0,2.0,-5.5,0,3.3783588074774213,-5.24582979895577,1.9972892856761817,3.86137344761486,Low/Minimal
5.0,2.0,-5.5,0,4.327977615440812,-5.4567445332558755,1.9992943788203303,3.963914370995122,Low/Minimal
5.0,2.0,-4.5,0,4.519984011029152,-5.183388952325625,1.999495984871665,4.259938836425087,Low/Minimal
5.0,2.0,-5.0,0,4.657131436449394,-5.130992108804017,1.9996399891940464,4.471384883160777,Low/Minimal
4.0,2.0,-5.0,0,4.469379597463853,-5.093565792002869,1.9997428494243188,4.622417773686269,Low/Minimal
4.0,2.0,-6.0,0,4.3352711410456095,-5.3525469942877635,1.9998163210173705,4.730298409775907,Low/Minimal
5.0,2.0,-6.0,0,4.525193672175435,-5.537533567348403,1.9998688007266932,4.521641721268505,Low/Minimal
5.0,2.0,-5.5,0,4.660852622982453,-5.526809690963145,1.9999062862333523,4.65831551519179,Low/Minimal
5.0,2.0,-6.0,0,4.82696562397064,-5.75857637294038,1.999952186853751,4.335875262852954,Low/Minimal
3.0,2.0,-5.0,0,4.304975445693314,-5.541840266385986,1.9999658477526796,4.239910902037824,Low/Minimal
3.0,1.0,-5.0,0,3.9321253183523672,-5.387028761704276,1.7142613198233425,3.885650644312732,Low/Minimal
5.0,2.0,-4.0,0,4.237232370251691,-4.990734829788768,1.795900942730959,4.204036174509094,Low/Minimal
4.0,2.0,-4.5,0,4.529200188903924,-4.852415729484065,1.8958678279239587,3.900018456382191,Low/Minimal
4.0,2.0,-5.5,0,4.378000134931375,-5.037439806774332,1.925619877088542,3.6428703259872792,Low/Minimal
4.0,2.0,-5.5,0,4.270000096379553,-5.169599861981665,1.94687134077753,3.7449073757051994,Low/Minimal
4.0,1.0,-4.5,0,4.19285721169968,-4.978285615701189,1.67633667198395,3.532076696932285,Low/Minimal
4.0,2.0,-4.5,0,3.6902332712753463,-4.948104905969994,1.4267023836652806,3.2714677025164725,Low/Minimal
5.0,2.0,-5.0,0,4.064452336625248,-4.962932075692853,1.5905017026180577,3.479619787511766,Low/Minimal
4.0,2.0,-5.0,0,4.046037383303748,-4.97352291120918,1.7075012161557552,3.0568712767941184,Low/Minimal
5.0,2.0,-4.0,0,4.513284379236605,-4.496695362861827,1.850765926610079,3.2330975902010812,Low/Minimal
1.0,0.0,-5.0,0,3.509488842311861,-4.640496687758448,1.3219756618643423,3.4522125644293435,Low/Minimal
3.0,1.0,-5.5,0,3.3639206016513294,-4.886069062684606,1.2299826156173874,3.608723260306674,Low/Minimal
6.0,2.0,-4.5,0,4.68947543791958,-4.669850241503136,1.7193814196856367,3.5716921502575345,Low/Minimal
4.0,2.0,-4.0,0,4.3970391537607805,-4.419041633200852,1.897733753529751,3.3541152151084312,Low/Minimal
4.0,1.0,-4.0,0,4.283599395543415,-4.299315452286322,1.6412383953783936,3.2529394393631654,Low/Minimal
4.0,2.0,-4.5,0,4.202570996816725,-4.35665389449023,1.7437417109845668,3.1806710281165467,Low/Minimal
4.0,2.0,-4.5,0,4.1446935691548035,-4.397609924635878,1.816958364988976,3.4147650200832476,Low/Minimal
4.0,2.0,-5.0,0,4.256812525202188,-4.430615861747769,1.933293864791901,3.2969260277271313,Low/Minimal
5.0,2.0,-5.0,0,4.469151803715848,-4.593297044105549,1.9523527605656432,3.4978043055193795,Low/Minimal
1.0,0.0,-3.5,0,3.477965574082748,-4.280926460075392,1.3945376861183167,3.355574503942414,Low/Minimal
5.0,2.0,-5.0,0,3.9128325529162487,-4.486376042910994,1.5675269186559406,3.2539817885302957,Low/Minimal
5.0,2.0,-5.0,0,4.223451823511606,-4.633125744936423,1.6910906561828147,3.181415563235926,Low/Minimal
5.0,2.0,-4.5,0,4.807883583424289,-4.772002931090012,1.8423931919300076,3.092558960834656,Low/Minimal
4.0,2.0,-3.0,0,4.57705970244592,-4.265716379350009,1.887423708521434,3.3518278291676116,Low/Minimal
5.0,2.0,-3.7,0,4.697899787461372,-4.104083128107149,1.919588363229596,3.5370198779768653,Low/Minimal
6.0,1.5,-5.0,0,5.285714285714286,-5.3040399833402745,1.9228446480633068,3.65597667638484,Low/Minimal
1.0,0.0,-7.5,0,4.061224489795919,-5.931457130957339,1.373460462902362,3.4685547688463143,Low/Minimal
6.0,1.9,-5.0,0,4.8067471886713875,-5.271151597427213,1.5701328892358988,3.5247728412481196,Low/Minimal
6.0,2.83,-5.0,0,5.147676563336705,-5.193679712448009,1.930094920882785,3.660552029462943,Low/Minimal
1.0,0.0,-6.0,0,3.932488042518727,-5.58861209818776,1.2969872045320332,3.337016341562726,Low/Minimal
1.0,0.0,-7.0,0,3.094634316084805,-5.991865784419828,0.9264194318085952,3.8121545296876618,Low/Minimal
1.0,0.0,-7.0,0,2.4961673686320034,-6.279904131728449,0.661728165577568,4.151538949776901,Low/Minimal
4.0,1.4,-5.0,0,2.925833834737145,-5.9142172369488915,0.8726629754125486,3.8225278212692153,Low/Minimal
2.0,2.79,-6.0,0,3.084609099355686,-5.956233284157598,1.7178892731696678,3.7053713373822528,Low/Minimal
2.0,2.0,-6.0,0,2.774720785254061,-5.96873806011257,1.7984923379783342,3.7895509552730378,Low/Minimal
2.0,2.91,-5.0,0,2.5533719894671867,-5.691955757223264,2.11606595569881,3.849679253766455,Low/Minimal
2.0,3.67,-6.0,0,2.3952657067622765,-5.779968398016617,2.560047111213436,3.8926280384046112,Low/Minimal
2.0,3.06,-6.0,0,2.2823326476873405,-5.84283457001187,2.702890793723882,3.9233057417175794,Low/Minimal
3.0,2.35,-6.0,0,2.4873804626338147,-5.8877389785799075,2.602064852659916,3.945218386941128,Low/Minimal
6.0,2.2,-7.0,0,3.490986044738439,-6.205527841842791,2.4871891804713684,3.675155990672234,Low/Minimal
6.0,1.87,-5.0,0,4.207847174813171,-5.861091315601994,2.310849414622406,3.767968564765882,Low/Minimal
6.0,1.94,-7.0,0,4.719890839152265,-6.186493796858567,2.204892439016004,3.548548974832773,Low/Minimal
5.0,1.94,-5.0,0,4.799922027965904,-5.847495569184691,2.1292088850114315,3.67753498202341,Low/Minimal
1.0,0.0,-6.0,0,3.7142300199756457,-5.8910682637033505,1.5208634892938795,3.4839535585881496,Low/Minimal
1.0,0.0,-7.0,0,2.9387357285540325,-6.20790590264525,1.0863310637813426,3.3456811132772497,Low/Minimal
3.0,1.0,-6.0,0,2.9562398061100232,-6.148504216175179,1.0616650455581018,3.2469150809123213,Low/Minimal
1.0,0.0,-6.0,0,2.397314147221445,-6.106074440125128,0.7583321753986442,3.462082200651658,Low/Minimal
1.0,0.0,-6.0,0,1.9980815337296036,-6.075767457232234,0.5416658395704601,3.3300587147511846,Low/Minimal
1.0,0.0,-6.0,0,1.712915381235431,-6.054119612308739,0.3869041711217572,3.235756224822275,Low/Minimal
3.0,1.0,-6.0,0,2.0806538437395936,-6.038656865934814,0.5620744079441122,3.4541115891587677,Low/Minimal
1.0,0.0,-6.0,0,1.771895602671138,-6.027612047096296,0.4014817199600802,3.6100797065419767,Low/Minimal
1.0,0.0,-6.0,0,1.551354001907956,-6.019722890783069,0.286772657114343,3.4357712189585548,Low/Minimal
7.0,1.41,-6.0,0,3.108110001362826,-6.014087779130764,0.6076947550816736,3.3112651563989677,Low/Minimal
1.0,0.0,-7.5,0,2.5057928581163043,-6.438634127950547,0.4340676822011954,3.2223322545706914,Low/Minimal
1.0,0.0,-6.0,0,2.0755663272259315,-6.313310091393248,0.3100483444294253,3.1588087532647795,Low/Minimal
7.0,1.41,-8.0,0,3.482547376589951,-6.79522149385232,0.624320246021018,3.3991491094748425,Low/Minimal
2.0,1.16,-5.0,0,3.3686466207091588,-6.528174231557307,0.9683266561331724,3.489361790548389,Low/Minimal
1.0,0.0,-7.0,0,2.6918904433636848,-6.662981593969505,0.6916618972379803,3.635258421820278,Low/Minimal
4.0,1.54,-5.0,0,3.06563603097406,-6.1878439956925035,0.9340442123128432,3.739470301300199,Low/Minimal
4.0,1.89,-5.0,0,3.3325971649814714,-5.848459996923216,1.2071744373663165,3.8139073580715706,Low/Minimal
7.0,2.19,-5.0,0,5.66348293184456,-5.250896500336449,1.807046077757404,3.500695101338036,Low/Minimal
7.0,1.89,-6.0,0,6.045344951317543,-5.464926071668892,1.8307471983981456,3.643353643812883,Low/Minimal
1.0,0.0,-8.0,0,4.603817822369674,-6.1892329083349225,1.3076765702843898,3.745252602723488,Low/Minimal
6.0,2.05,-4.0,0,5.841041480455421,-4.797825403912144,1.883555601415594,3.70308039457853,Low/Minimal
1.0,0.0,-8.0,0,3.6155360019581,-5.805457771701825,1.0383116380815491,4.951424704995911,Low/Minimal
1.0,0.0,-7.0,0,2.8682400013986427,-6.146755551215589,0.7416511700582494,4.965303360711365,Low/Minimal
1.0,0.0,-7.0,0,2.334457143856173,-6.390539679439707,0.5297508357558924,4.975216686222403,Low/Minimal
2.0,1.0,-6.0,0,2.2388979598972663,-6.278956913885505,0.6641077398256374,5.268011918730288,Low/Minimal
1.0,0.0,-7.0,0,1.8849271142123332,-6.484969224203932,0.4743626713040267,5.477151370521634,Low/Minimal
2.0,1.0,-4.5,0,1.917805081580238,-5.917835160145666,0.624544765217162,5.340822407515453,Low/Minimal
5.0,2.85,-5.0,0,4.443410319028592,-4.697478956722632,1.9057228147691487,5.828410664180407,Low/Minimal
3.0,2.64,-4.0,0,4.0310073707347085,-4.4981992548018805,2.1155162962636775,5.877436188700291,Low/Minimal
1.0,0.0,-10.0,1,2.52495983816267,-6.437198786220027,1.373460462902362,4.837567680133278,Low/Minimal
1.0,0.0,-7.0,1,2.540915368773367,-5.382653286868797,2.016940164329093,5.156927623901973,Low/Minimal
3.0,1.0,-6.0,1,2.9588780368874996,-5.838453910236125,1.1609573776598796,4.752023331436195,Low/Minimal
1.0,0.0,-5.0,1,2.3991985977767856,-5.598895650168661,0.8292552697570569,4.82287380816871,Low/Minimal
1.0,0.0,-5.0,1,1.9994275698405612,-5.427782607263329,0.5923251926836121,4.873481291549078,Low/Minimal
1.0,0.0,-5.0,1,2.3959344221081125,-5.915649979969082,0.7122729830742013,5.282078229439554,Low/Minimal
1.0,0.0,-6.0,1,3.3732669414070617,-5.832474023439074,1.3096318307637511,5.259349374197783,Low/Minimal
1.0,0.0,-10.5,1,3.833402188275328,-6.572507373505289,1.5188495608122876,5.549483897261517,Low/Minimal
1.0,0.0,-8.0,1,3.739920308674638,-6.029646351638707,1.649363128249483,5.108566621543186,Low/Minimal
1.0,0.0,-7.0,1,3.8223409600537495,-5.976395586789314,1.7994431536807738,4.844111597037045,Low/Minimal
1.0,1.0,-9.8,1,2.7761493783617848,-6.608443402734181,2.042142300257922,4.881088441670342,Low/Minimal
1.0,0.0,-7.0,1,2.0813177577667643,-6.274943313025074,1.0244059717678986,5.552889204941934,Low/Minimal
1.0,0.0,-7.0,1,2.801659073947743,-7.160490155568231,1.428492418194388,5.680031549631075,Low/Minimal
1.0,0.0,-6.5,1,2.537253810854039,-6.733139973752151,1.1702740114012704,5.176830432430277,Low/Minimal
1.0,0.0,-6.0,1,3.160074595779649,-5.508513723874077,1.3682425420652755,5.569092314301351,Low/Minimal
1.0,0.0,-6.0,0,4.877551020408164,-1.663265306122449,1.4755102040816328,4.775510204081632,Low/Minimal
5.0,1.42,-4.5,0,4.937526030820491,-3.154727197001249,1.5524031653477717,5.375260308204915,Low/Minimal
1.0,1.69,-4.0,0,4.772957511915429,-3.9412861577235576,1.8177005275304643,6.112753207794548,Low/Minimal
1.0,1.33,-2.0,0,2.6829360798343753,-2.3039558436994927,1.981359772636804,5.7916369853164325,Low/Minimal
6.0,2.07,-6.0,0,3.630668628453125,-3.359968459785352,2.0066855518834315,5.851169275226024,Low/Minimal
1.0,0.0,-6.0,1,4.798188350300383,-5.107416717420081,1.392152163745858,4.978703886371298,Low/Minimal
6.0,2.92,-4.0,1,5.728013994375162,-4.5930811794629305,2.666122052445176,5.709882423930462,Low/Minimal
1.0,1.0,-5.0,1,2.894539994624989,-4.65084702141654,1.4537048707273423,5.9286816696526685,Low/Minimal
4.0,1.0,-5.0,1,3.2103857104464204,-4.750605015297529,1.3240749076623874,5.949058335466192,Low/Minimal
1.0,0.0,-6.0,1,2.127747811452255,-5.362553579233433,0.6755484222767283,5.97400935482969,Low/Minimal
1.0,1.0,-6.0,1,2.547206323264331,-5.334275713044938,0.9155425922211392,5.993234421811144,Low/Minimal
1.0,0.0,-6.0,1,3.8683154351964353,-5.383174993604924,1.3093137598976687,5.972834970086178,Low/Minimal
5.0,0.0,-8.0,1,5.978766608230599,-5.757925186536706,1.5224866382211069,6.009633138162084,Low/Minimal
1.0,0.0,-3.0,1,4.560595208280918,-4.815267952314646,1.189023795010769,6.004914866409227,Low/Minimal
1.0,0.0,-4.0,1,3.543282291629227,-4.582334251653318,0.8493027107219778,6.003510618863734,Low/Minimal
1.0,0.0,-4.0,1,2.8166302083065906,-4.415953036895227,0.6066447933728413,6.002507584902667,Low/Minimal
1.0,2.0,-6.0,1,4.065275938029871,-5.075275997426843,2.0055925849792637,6.001953293380073,Low/Minimal
1.0,0.0,-7.0,1,3.5964067845874164,-7.037314000675954,1.366675767846039,6.000000000009152,Low/Minimal
5.0,2.0,-5.0,0,4.469151803715848,-4.593297044105549,1.9523527605656432,3.4978043055193795,Low/Minimal
4.0,1.0,-5.0,1,3.2103857104464204,-4.750605015297529,1.3240749076623874,5.949058335466192,Low/Minimal
4.0,2.0,-5.0,0,4.046037383303748,-4.97352291120918,1.7075012161557552,3.0568712767941184,Low/Minimal
7.0,2.0,-5.0,1,6.738934538574731,-5.0477496101590145,2.0001612265017608,5.713740624389752,Low/Minimal
5.0,2.0,-4.5,0,4.807883583424289,-4.772002931090012,1.8423931919300076,3.092558960834656,Low/Minimal
3.0,2.0,-3.5,0,3.76898447272737,-4.481811657935877,1.9854211277950664,3.8144331309001447,Low/Minimal
1.0,0.0,-7.0,1,3.5964067845874164,-7.037314000675954,1.366675767846039,6.000000000009152,Low/Minimal
6.0,2.0,-5.0,1,5.291818423062977,-4.750531553983907,1.7922452642944549,6.437788089241286,Low/Minimal
5.0,2.0,-5.0,0,4.469151803715848,-4.593297044105549,1.9523527605656432,3.4978043055193795,Low/Minimal
2.0,3.06,-6.0,0,2.2823326476873405,-5.84283457001187,2.702890793723882,3.9233057417175794,Low/Minimal
1.0,2.0,-5.5,0,3.3783588074774213,-5.24582979895577,1.9972892856761817,3.86137344761486,Low/Minimal
4.0,2.0,-5.5,0,4.378000134931375,-5.037439806774332,1.925619877088542,3.6428703259872792,Low/Minimal
4.0,1.4,-5.0,0,2.925833834737145,-5.9142172369488915,0.8726629754125486,3.8225278212692153,Low/Minimal
4.0,2.0,-4.5,0,4.202570996816725,-4.35665389449023,1.7437417109845668,3.1806710281165467,Low/Minimal
1.0,0.0,-3.5,0,3.477965574082748,-4.280926460075392,1.3945376861183167,3.355574503942414,Low/Minimal
2.0,1.0,-6.0,0,2.2388979598972663,-6.278956913885505,0.6641077398256374,5.268011918730288,Low/Minimal
1.0,0.0,-6.0,0,2.397314147221445,-6.106074440125128,0.7583321753986442,3.462082200651658,Low/Minimal
1.0,0.0,-7.0,0,2.8682400013986427,-6.146755551215589,0.7416511700582494,4.965303360711365,Low/Minimal
1.0,0.0,-6.0,1,2.0827144893889575,-5.901272780446047,1.307255933260864,5.999999999996801,Low/Minimal
2.0,2.33,-4.5,1,4.116052364258548,-4.84020723883013,2.2060811239564875,6.000000128272976,Low/Minimal
4.0,2.0,-5.5,0,4.378000134931375,-5.037439806774332,1.925619877088542,3.6428703259872792,Low/Minimal
1.0,0.0,-7.0,1,2.540915368773367,-5.382653286868797,2.016940164329093,5.156927623901973,Low/Minimal
2.0,2.0,-6.5,1,2.5590634695747996,-5.796940260064807,1.9793883188524748,5.999983134747593,Low/Minimal
3.0,1.0,-6.0,0,2.9562398061100232,-6.148504216175179,1.0616650455581018,3.2469150809123213,Low/Minimal
